transaction_id,transaction_date,transaction_amount,balance,transaction_type,credit_risk
c150989a-fa51-4c85-9d2b-b570a8245ecf,2022-05-17,3246.01,7424.55,credit,0
ad72603b-249a-4577-92d5-5e6c66c3fec8,2022-05-17,279.07,8203.09,debit,0
ac167c0e-4bfd-4b58-9570-539de5b714be,2022-05-18,3220.46,1406.36,credit,1
33717f5c-33bd-415b-a7f9-7eb5c28ee8b1,2022-05-19,1342.16,17708.11,credit,0
a2629e9b-439e-49b7-a6d0-474d44928b31,2022-05-21,-188.33,13357.24,debit,0
a39c66cf-f74a-4ca0-b602-1ec41f569475,2022-05-23,-161.77,2215.02,credit,1
fcf91ad6-84ed-4657-a15d-2604da4e4d1b,2022-05-23,-397.08,19569.02,debit,1
0b237530-20c3-49b4-9dce-f821756cd3e8,2022-05-25,2029.62,8986.97,credit,1
d22cf48f-b037-4af8-9c7c-299e58c1358e,2022-05-26,-113.18,10347.42,credit,1
2c96180a-2694-475f-997d-aeaab02cb374,2022-05-26,2725.17,12686.63,debit,1
f4ac6ad6-9b15-4ad3-b3bc-749f96bbec30,2022-05-26,3923.69,11977.43,credit,1
19638e24-5c5f-4aed-84f5-5edc40fa2d97,2022-05-27,2546.41,19371.48,debit,1
aae38f91-d3fd-49d4-9cb8-edd607864c49,2022-05-27,3986.31,15774.65,debit,0
c610080f-a45f-4f19-9b44-8780397ca869,2022-05-28,1386.96,13448.19,debit,1
f0e7f8b8-ef38-4a45-9a2c-3276da244406,2022-05-30,3024.46,9218.41,debit,0
02117cb1-d840-40d7-a555-2f444fb8647f,2022-05-30,430.39,9575.3,credit,0
84982d71-f724-4a41-b422-59c856fa3df6,2022-05-30,687.12,19113.03,debit,0
770490ff-dd2f-4caa-8030-5dbef048294f,2022-06-02,4702.54,19390.44,debit,0
fe388d10-65eb-46db-b1c7-6870f617e678,2022-06-03,4833.03,4654.32,debit,0
a8c2c3d9-8b97-46d2-9384-d647e7147dca,2022-06-03,-375.93,473.52,debit,1
e10db5ac-a92a-4853-bea1-773ca6250668,2022-06-03,71.87,14539.71,credit,0
22230570-23b1-41c5-86ee-e882f86cd06f,2022-06-04,-370.18,16067.01,debit,0
8400e01e-f641-40d4-9dc9-a70e97ec5eaa,2022-06-04,975.75,1722.45,credit,0
f2048c11-c235-4fce-ac1f-18f71b662932,2022-06-06,4766.25,1027.88,debit,1
c3fdbffa-c429-40b9-a9ee-ef188d75d255,2022-06-06,853.94,4139.63,credit,0
a9b7dcf8-7dda-4ea7-ae4f-b40a383fad52,2022-06-07,3959.18,5070.12,credit,0
e962ba0e-af02-4d73-a69e-1deb6feaf0f5,2022-06-08,-482.45,2700.52,debit,0
42c00cf8-64ae-4e66-ba31-ec4f64caaf9e,2022-06-09,2493.51,14046.27,debit,0
a05424fc-4d10-48e6-a195-67236d542976,2022-06-10,2239.27,11317.42,debit,1
1fdde151-1080-4a35-913d-e70799962cbf,2022-06-11,2563.04,13806.53,debit,1
5737de23-d872-4f5f-be02-a1ea15c18c93,2022-06-11,3639.22,14465.18,credit,1
15d754b7-c6a3-491c-a3e1-0e074ea1e0df,2022-06-12,3910.58,1959.38,debit,1
9929d5c8-5bbc-4f4e-b415-eaec8eb5b7fb,2022-06-13,2203.97,19506.62,credit,0
9227a4e6-be9a-4a6f-8102-3c7edda2e9f6,2022-06-14,397.24,13539.97,credit,0
bfeb8120-0d3b-4554-9ae3-b12166982c1e,2022-06-15,4777.08,2313.44,credit,0
efb6a0a7-44f3-4e24-9f10-5818cf69dd7e,2022-06-16,3041.27,702.47,debit,1
b39b42ac-9324-41c8-855f-8e4fcb21739c,2022-06-16,4653.39,18062.05,credit,0
aac545f3-5417-4d11-9a05-6e971e865724,2022-06-16,2030.1,19797.4,credit,1
f18498fb-6996-431e-83de-601cfe3e5a95,2022-06-17,2902.46,4702.41,credit,0
0c55bd3c-810a-403d-8b91-630181e64cdd,2022-06-17,1436.52,1772.7,credit,1
e5ccb547-ce26-44fc-a5b9-a249faceb562,2022-06-18,968.54,11930.18,credit,0
622252d1-cfc9-4028-b88f-151731959a8c,2022-06-18,2278.58,19513.31,debit,1
345585f9-6a6d-4309-b36d-5215bb78052e,2022-06-18,1581.91,6190.09,credit,0
b31468ac-95a6-485f-b56e-59eb77f7e317,2022-06-19,2567.4,15227.68,credit,0
adc90ad7-dad9-4b01-81bc-d7e46133e3ff,2022-06-21,1176.64,9376.31,credit,0
6c2e4ded-e7cb-4e62-be18-cdbd3caa4f5c,2022-06-22,3499.58,13964.94,credit,0
2a750d7f-c123-427a-acbe-8f48d4df12a0,2022-06-22,1483.37,18995.86,credit,0
75e5086f-2d78-48c9-9171-6805705696db,2022-06-23,1477.51,6157.94,debit,1
c6bda237-982e-4c63-9555-28c1fbca677e,2022-06-23,4253.52,7025.37,debit,1
8aad7bce-8387-4a5e-b8ee-ff5bcf75cfd4,2022-06-23,4276.7,1433.22,debit,1
de215269-5659-45df-99ff-6ff10196815a,2022-06-24,-295.36,3256.76,debit,1
7ebcb151-02cb-4b97-a307-8d04fb8d80b8,2022-06-25,667.37,8754.33,credit,1
a49f429b-d3b7-45a9-8abd-dfdb4936eb28,2022-06-27,3828.53,6935.27,credit,0
ff18d424-fb5d-47e8-bc82-0f275ebe2a70,2022-06-28,195.97,9309.21,credit,0
5f99cdbf-1630-4c63-a08f-df11339cba0a,2022-06-28,4573.54,1266.33,debit,0
64b8a644-b173-4c89-9a7f-1b2373aaa5c5,2022-06-29,431.73,16385.3,debit,0
b29a401e-a993-4437-ac1d-569b942678fa,2022-06-29,3987.92,15427.64,credit,0
28298d4b-7175-4970-b998-d8bb41a676d4,2022-06-29,3826.87,17730.18,credit,0
e9c7a242-ac19-4ff3-bae7-7221f4088c00,2022-06-29,252.45,15543.68,debit,0
29ca5189-31fc-41b6-bb1e-295243ae367d,2022-07-01,3017.73,9810.87,debit,0
2d2c88de-ca72-4bd3-ba69-7f06e9ae2b4c,2022-07-01,1757.38,19511.42,credit,0
7dc14abe-0e10-4810-8298-3a1220e0becb,2022-07-02,1248.84,19846.98,credit,0
bff3435c-0031-4659-a85b-6e4fdba2fa58,2022-07-02,752.98,18037.29,debit,0
f016bcfe-66c2-4eba-a48c-c8f997576ac1,2022-07-03,2225.37,11098.68,debit,1
004a352a-13a8-4863-ad16-323638b8a3e8,2022-07-04,940.03,17838.68,credit,0
e4d289f0-86e5-46fc-840b-a665e2b22e10,2022-07-04,1689.54,3891.27,debit,1
2398f177-bf74-47ee-8d7d-fa3e55ceb78a,2022-07-05,-328.33,12456.59,credit,1
85c13531-6c2b-442b-836d-b33ac28346c4,2022-07-05,2126.27,12230.42,credit,1
896ca00f-8c3b-4666-bc5c-ed18e557fa70,2022-07-06,2462.33,8763.97,credit,0
ba2ac207-3b5a-4b85-bb0a-6b2351f2d719,2022-07-07,96.38,6485.33,credit,1
af160203-55df-4acf-a787-cc1130487cff,2022-07-08,-53.75,2007.97,credit,1
0f55d82c-a23b-44f9-b37c-0fcc5b084ac6,2022-07-09,4446.79,4237.84,debit,1
dd35d5a8-ad76-48f7-a6d8-a8d126225f2e,2022-07-10,1498.99,6608.3,debit,1
1d129f02-68b7-469c-bf02-c02493633071,2022-07-10,211.02,18147.34,debit,0
fd301738-c1cf-4e9c-9df1-49b4e80a19b8,2022-07-10,852.36,11411.77,credit,0
97513232-54bc-401b-9433-a17697ee50a2,2022-07-10,1414.36,17375.06,debit,1
2a5738e3-974f-401a-843f-e905c716c6e4,2022-07-11,4290.83,17850.88,credit,1
98603cd0-a103-45f0-a064-688be6beebee,2022-07-12,359.0,17334.8,debit,0
ee1e07b8-73b3-44ad-9ff0-d1c063dd2e41,2022-07-12,-91.06,852.44,credit,0
ffd97984-eb85-411d-b56a-2a79cdcf7bde,2022-07-13,3959.55,1383.17,credit,0
609b7865-45a2-4368-a5c4-4c2c07c80769,2022-07-13,4670.75,17621.76,debit,1
5a0839f3-9b2d-45c6-a34a-cd7196c086e6,2022-07-14,3230.76,3494.13,credit,0
9bcc3285-1373-406a-96b9-5172351bfbd4,2022-07-15,4157.03,19935.09,debit,1
24a0bad4-c339-4d1f-b8d5-c39c193382db,2022-07-16,258.68,7241.78,credit,0
04d19b50-f286-419f-a04b-6e403a417078,2022-07-20,2073.19,1384.86,debit,1
2b6711f9-a12c-42b8-a06d-d81ec4400715,2022-07-21,4204.03,12310.23,debit,0
1140d22b-df1d-4229-8efc-a860878b48e5,2022-07-21,3857.32,886.69,credit,0
c75c350d-d474-4b35-b893-aa282653a566,2022-07-21,4819.6,7001.69,debit,0
e4157106-05f4-4430-bfb2-7b9076cfaaf4,2022-07-22,4807.32,3906.92,credit,1
2591ca2a-6a84-4a6a-b917-30f939f2f5d9,2022-07-22,3185.97,7025.46,debit,1
65d4b68f-7090-409a-85f1-1eb7a31d3d2a,2022-07-22,-79.67,3944.69,credit,0
8c9e3e65-4edf-4c44-bbd8-80822e993ca6,2022-07-22,2546.04,9356.72,credit,1
37bf696c-294c-4415-8a4e-36630e8c8322,2022-07-22,2499.12,9706.39,credit,0
8c157bf7-9a09-4650-96ad-671df15d0b49,2022-07-23,2953.91,4256.27,credit,1
aefa6b6e-a38d-4837-ba1b-2fadd8bf0bca,2022-07-23,2828.51,6837.96,debit,0
e630ddea-64b0-44ea-b3e0-868954f2ed53,2022-07-25,2129.63,8699.39,debit,1
5df8b99c-98a9-4dfd-9d62-9090c05f0f7c,2022-07-25,4774.2,8638.98,debit,1
dd090724-f701-4f35-89b9-41fd3311ff7c,2022-07-26,706.51,10374.65,debit,0
f2b313eb-4fff-4c6e-9bd5-d273f13fe5be,2022-07-27,4441.59,2053.45,credit,1
0d597975-cd90-49c6-9c3a-c0dcaaa24ae6,2022-07-28,2053.89,6406.01,debit,0
8003dd46-51c9-45d8-88da-f6d0b69b09fa,2022-07-28,246.05,6140.43,credit,1
be048a5d-4dc0-4b58-8ffd-f9d0eb1763f7,2022-07-28,-163.49,9605.55,debit,0
b597db60-c908-40a7-afea-3664f6b628b5,2022-07-29,1043.74,18875.02,debit,1
9f32a2f7-23af-4a56-b79d-5e1839d04639,2022-07-30,875.52,4558.99,debit,1
82a72e05-4563-4282-8b85-968b3d74f6f8,2022-07-31,3248.34,5356.81,credit,0
1cfdf7b0-6f8b-4f93-a7fd-55f36e94aca2,2022-08-01,4490.07,17752.23,debit,0
bf9a73e1-f216-4120-983d-d7d30856f5c0,2022-08-02,1808.93,3434.36,debit,0
4ec68d06-18ce-4d75-a954-d851f2d6a436,2022-08-03,4186.04,922.95,debit,1
3bb81ca3-324c-4009-8e44-2c953d6cf9b8,2022-08-04,4029.58,6222.37,credit,0
5ab37866-ebf5-49e0-90de-09aa67d3b2a3,2022-08-04,1283.25,4176.02,credit,1
c36d3094-067a-424b-97f7-f81e5ac41c7f,2022-08-05,4262.46,3052.53,debit,1
bf2e877e-f952-459d-ac64-8e26c4da26c0,2022-08-06,2334.38,1467.4,credit,0
24a8a92c-bda6-481c-8a12-05673bf35e62,2022-08-06,597.44,9735.77,credit,1
266e3390-b83e-40a9-9f9a-f279f0715f41,2022-08-07,2361.59,9376.61,credit,0
8d408017-aa7e-473e-b459-6dceb725291e,2022-08-07,63.64,1526.95,debit,0
2991d6ce-968c-4058-84bf-0f5e635a3230,2022-08-07,825.48,16794.69,debit,0
f4c8b6f8-81bb-4a22-91e4-cc5fa3f9d91b,2022-08-07,2514.36,13630.35,credit,0
fc6e81fe-00b0-4f45-9c56-11d3e829762f,2022-08-07,184.86,11958.21,credit,0
b0850583-4231-43ba-a3a0-f9f6e32f891a,2022-08-08,1432.46,10165.04,credit,1
e7807e0d-c8ae-4571-9f95-ebe614e9d9de,2022-08-09,1990.89,4177.47,credit,1
578e4e36-4387-4d4c-895a-4fdc233604c8,2022-08-10,842.03,14738.98,credit,1
7a2347ee-5453-4452-8c7c-029b9146d3cb,2022-08-10,1674.06,4809.5,debit,0
d9a802c0-8219-4916-8bf6-c5a3c93cad03,2022-08-13,4671.38,782.26,credit,0
34d8ca08-5fe4-49ea-a475-157590ed9266,2022-08-14,2548.09,1244.54,debit,0
d5fcd1b3-23ec-4b89-b895-7e2c965db712,2022-08-14,4426.53,5288.13,debit,0
f9e1695f-ddf2-4d94-813c-e904901b61ca,2022-08-15,706.66,14639.38,debit,1
7f3a262e-fa30-49fe-9904-197808c59b6d,2022-08-15,-245.73,1891.83,debit,0
cff3026a-f1b8-40af-a6f9-545f4f135d79,2022-08-15,3483.56,9668.67,credit,0
1aa19735-4b35-4905-8155-6cf8bff2bc35,2022-08-17,1822.75,1192.53,credit,1
564af750-63b9-4f7f-bb60-8f2de1cb7bf8,2022-08-17,31.06,222.91,debit,0
3807a62a-d7ef-422d-9edf-304dcc22c113,2022-08-19,4589.14,5100.54,credit,0
61514000-135b-45bf-b620-0262f2f72559,2022-08-20,2340.15,386.78,debit,1
a297dce6-d0c4-42c5-8dc7-ad1e4b332eb7,2022-08-20,-372.76,18418.64,debit,1
8200a369-fab7-441b-a075-ffea1414adcc,2022-08-20,2252.53,1605.47,debit,0
46f62d21-4ebc-4216-b046-08f3cb47dfff,2022-08-22,1994.9,264.36,credit,0
5e07cd3e-aa93-4dfa-a048-00d4b378de65,2022-08-22,1001.85,12579.99,debit,1
5fd062c9-8cbe-437c-ad46-8144b71fe3b3,2022-08-22,2445.86,3696.24,credit,0
472a7128-6d99-4c6d-b561-c2f4a2e41646,2022-08-22,1386.3,6628.9,debit,1
adbcb21a-0fb4-4954-b558-c7413f393b81,2022-08-24,591.21,10502.61,credit,1
1f9b438e-2504-4820-94da-3d2c53063bcf,2022-08-25,675.35,7107.05,credit,0
3a45c693-c0b0-40b1-a747-07f3e635a71e,2022-08-25,2361.81,1062.4,debit,0
f647bf02-1d00-4d62-88c2-b875e54e5837,2022-08-26,4257.95,4659.89,debit,0
43fbdda5-8d1b-4d3e-96a1-d5aa35a549e8,2022-08-26,1371.44,7731.3,credit,0
04ab34f7-345a-4192-bd96-086595726f47,2022-08-28,4780.33,19801.13,debit,0
fe1384c7-7b18-4d76-8e33-11d155f4a0fe,2022-08-28,1559.41,17375.21,debit,1
f7eafc1b-1bca-4616-96dc-d0d7587971e9,2022-08-28,4423.27,10517.33,debit,1
62c14ae0-df60-4473-9a86-3a0d9e22bc66,2022-08-29,652.27,16811.93,debit,1
fe1f47b8-8d5f-4cf3-ab14-b8cced56abca,2022-08-30,3812.5,18270.22,credit,1
999c0d73-3014-4fdc-967b-e32b95496506,2022-08-30,4312.7,13376.8,debit,0
23aae25d-32a7-4522-99bc-fc96fb74c93c,2022-08-31,3130.99,267.5,credit,0
a82f48ad-1851-4ba8-8538-d99500b866cb,2022-09-01,-42.42,14120.81,credit,1
4de4ee9d-ead5-4a24-9c25-435d0e8d84a3,2022-09-02,3126.46,11485.05,debit,0
9ec291c3-ad7d-49ba-b537-43cdff31328a,2022-09-02,3777.7,4529.25,credit,0
b85b2611-9be7-41ff-9f23-79115a1bd3ff,2022-09-03,432.6,17845.08,debit,1
f59b8fb4-a758-4a14-bdd3-59e1c4c56600,2022-09-06,3060.49,3657.68,debit,1
eb54be72-f857-4b93-978f-50d865d14d0a,2022-09-06,898.7,17479.68,credit,1
2cde6911-a996-4d06-bf32-16751486c50e,2022-09-07,1556.85,8349.74,debit,1
651075f1-0af2-4ee5-b2e0-82dc62866bec,2022-09-07,1783.08,5065.55,credit,1
d63ed102-6c64-4efe-99db-012f2023b033,2022-09-08,193.97,15343.5,debit,0
f77faf82-1bd4-4c0d-860b-4f4314ff4976,2022-09-08,622.26,3159.56,debit,1
ed8003b5-d5ec-40b7-8200-21ab3b3ea9fb,2022-09-09,4629.88,7425.84,debit,0
d919da87-83aa-43fc-94a1-1abcdab05463,2022-09-09,4696.96,13401.45,debit,0
c4dcd108-68bb-4ca2-9f88-0a6d42956fb9,2022-09-11,984.64,1381.35,credit,0
38cfac46-c30c-4765-88ff-465c5e7204fa,2022-09-12,1544.56,15930.6,debit,1
b9673b24-4512-4bf8-9558-f49e8cc1e85d,2022-09-13,360.76,13243.92,credit,0
54c1abaf-9b1c-484d-ae26-629c0f1f3385,2022-09-13,987.95,10883.82,debit,1
6d76e2ff-73e9-4db2-b12d-908ae7b4142a,2022-09-13,1858.18,16861.37,debit,0
728e4c1c-4d6f-481a-8545-ecae25785349,2022-09-14,696.5,4858.52,debit,1
70ffd53d-650e-4900-99d9-e903d12a95ee,2022-09-14,-156.21,763.23,debit,0
57353ee6-ee43-4e4e-8820-8049e482ec48,2022-09-14,2657.02,916.26,debit,1
9a71bb93-fa6f-47e5-a717-5795d8cd9f37,2022-09-15,2082.87,2247.84,credit,0
0681fbb4-b5a3-46e4-9e35-077cfa5ffd3d,2022-09-16,2270.07,2389.14,debit,0
a3cf2fc0-2574-43a1-a373-e9b0c14e0a09,2022-09-18,4417.27,2892.68,credit,0
495bd465-7612-44eb-92f4-6106aa3ffb20,2022-09-18,-399.71,13753.83,debit,1
a2eddb10-21a2-49ec-bf1e-840b78fabdf0,2022-09-20,1426.36,18886.1,debit,0
6873ec04-4e7b-4be2-a99c-801908bbc18b,2022-09-20,-287.24,17917.73,debit,1
9653cb95-fd76-48c1-b510-61e1dfbd10f6,2022-09-20,271.73,4710.76,debit,1
59dbec86-28d8-4910-a84e-8b579b6921a0,2022-09-22,4515.4,210.18,debit,1
3fc97cd7-85ba-41aa-9218-ce39cad216e4,2022-09-22,3674.49,15782.43,credit,0
9f8c6531-d6d2-4ec2-85eb-0513a649cce5,2022-09-23,702.68,6994.69,debit,0
d0a38e88-f520-464d-b7d8-84acf4f92d1a,2022-09-23,4723.64,1780.35,debit,0
b53ec9b8-a4ee-44c0-a4ac-236b4728973a,2022-09-25,1280.3,16322.49,credit,1
02f648eb-1c5c-4ffd-a199-67a3b2e2c724,2022-09-26,-98.47,11703.44,credit,1
b5208f1b-b30c-4885-b9fe-8ba1417c1cdb,2022-10-02,4156.45,18783.09,credit,1
d7a3640c-b006-4f68-baec-2eaca6623a8e,2022-10-05,1741.69,14531.78,debit,0
4949b63c-b566-40f7-be19-626f0c9d4af4,2022-10-06,3089.23,10757.2,credit,1
89b56f30-af3f-436d-abee-6e850f0a85ee,2022-10-06,4455.4,5310.57,debit,0
a4610209-82b8-4869-815a-99777a50d0dd,2022-10-08,4065.96,9688.58,credit,1
1b608b9e-6d2b-4956-a6cc-e42b8f7b958e,2022-10-10,3260.83,6815.39,debit,1
8d957c96-dc9f-493a-acc3-9a5b36d456b1,2022-10-10,4566.37,15939.76,debit,1
3ad0c657-287c-4099-9522-c4ed1bb07e4d,2022-10-11,441.59,17873.34,debit,1
5be7ea38-417f-40f8-bbf4-95ce15ad35df,2022-10-11,411.66,7214.78,debit,0
d5be1a0d-c9c4-4501-9020-9900621bc7f6,2022-10-12,4590.74,2598.34,debit,1
f2607ab6-08ff-41f1-8b1d-de77b12855f9,2022-10-12,2059.59,10293.55,debit,1
1f9560f5-b819-47fa-a36c-e6a791335dcc,2022-10-12,3001.87,14318.58,credit,1
63b96249-c96f-45d5-ac09-319a601cb1cf,2022-10-12,1393.57,9778.31,credit,1
507ee469-b6a6-44ee-aa8b-33dd50fd3304,2022-10-15,4792.08,19970.52,debit,1
f2fb642c-44c4-43f2-95a6-49712cde7193,2022-10-15,1882.35,14829.98,debit,0
9c05b820-18c8-4a38-aba8-75fcf3f3f837,2022-10-16,2067.52,7609.85,credit,1
1deb811d-f30d-4e19-9396-22d43dc9c773,2022-10-17,1528.78,3287.97,credit,0
9144af71-75cc-4984-a96b-3716c2b741f7,2022-10-18,69.85,18958.94,credit,0
302ea8c8-75d5-435a-ad10-d74554d828b2,2022-10-19,302.51,9208.36,credit,0
a76ea9ce-3bbb-4758-a4d0-130f04308e56,2022-10-21,4314.77,7659.65,credit,0
4fae7653-009a-4139-8b85-a0af92d9ad2d,2022-10-23,695.9,16683.78,debit,0
6d268bbd-cca0-48cb-ba05-27db97060172,2022-10-23,2226.75,10.49,debit,0
97f23180-3ba4-423a-b85a-cb03ae7e5892,2022-10-24,3348.92,9814.58,credit,1
bd7ed1a7-adb0-4be4-89c8-cbdafde3b88e,2022-10-25,625.02,14936.59,credit,0
d0669eee-d298-4c45-963c-4ac603f414d5,2022-10-25,2018.51,5693.53,debit,1
8742d9c7-4eb1-418d-a6d1-c9823283f525,2022-10-25,4839.41,1131.62,debit,1
0ef8991b-3f39-4c9b-b115-a7f78595adca,2022-10-26,2722.2,12600.53,debit,0
4691e4c4-ea3b-4ead-8c1c-4bfdda2141f2,2022-10-27,4708.94,8785.67,debit,1
cc8f85be-713c-4fa1-a78d-c454e187bcf9,2022-10-28,2423.46,15659.86,credit,1
328c16fd-d467-48be-8986-33e08ba969b8,2022-10-29,2614.69,19370.73,debit,0
a27f79ca-5625-4202-bd29-82a775bb991d,2022-10-29,4271.2,367.82,credit,0
942b88cb-52ba-45bb-9906-2b9b2eaf7800,2022-10-29,1172.95,1462.17,credit,1
a4e7ed57-30ce-423b-bbdc-ab3786d31c35,2022-10-30,687.09,17938.49,credit,1
4b0d71fe-e1c6-4a25-be4e-e74cdb46b7c6,2022-10-30,3218.93,4703.77,debit,1
747f5ff8-a798-4ce8-8037-5d351ce9f269,2022-11-01,4068.43,10042.47,credit,1
b88be0fe-befa-45a5-bf2f-f4e54c74e82a,2022-11-01,3397.19,8916.35,debit,0
f1598936-423b-4357-92a3-88c4dadbd705,2022-11-01,2988.34,16932.5,credit,1
e58882ed-4fc4-4241-856d-affe94424d07,2022-11-02,1400.75,2491.43,debit,0
8d7f5724-5a08-4970-b884-f223c02a5af9,2022-11-03,1654.66,12573.51,credit,0
94811a75-3062-40f3-ba9b-3ddfc53d74d9,2022-11-04,974.93,9281.25,debit,1
c7da3cda-05ef-441d-b666-921530516ad2,2022-11-05,4275.62,13396.17,credit,0
0b2c5706-8e0f-4973-ab78-3fec904c869f,2022-11-06,404.68,15270.54,credit,1
22fdccfa-0e15-44d6-a7e4-a042cc8713c0,2022-11-07,1110.41,14507.74,credit,1
be2d9a7b-e0fc-4752-ae3e-ae382ab1c635,2022-11-07,4621.81,15659.64,debit,1
73fb7462-5221-40d3-980d-3755a946ebf0,2022-11-09,2136.78,16936.43,credit,1
a3d4a45d-ebbf-46bf-9ed8-2da087a659b3,2022-11-10,2861.17,9096.74,debit,1
ca0b0e7b-e6f4-435b-93d5-0aee36bcef4b,2022-11-10,2917.49,14139.07,credit,0
e66d6ed7-eade-461b-bfad-98ebf9e1f281,2022-11-11,1350.46,3232.87,debit,0
ad880ce3-6a89-4bb7-9304-b6fa00dd6d83,2022-11-11,545.95,3341.47,debit,0
93e5b966-40b6-4642-87b8-fb8ecc506f91,2022-11-11,3235.35,11866.37,debit,0
0cfdb639-c7c6-41a8-b535-ec994b32321e,2022-11-11,2302.25,1915.73,credit,0
a6c4ecde-8edf-4b5d-ae7f-1059071be99c,2022-11-11,3829.35,5868.01,credit,0
a881114e-bcd6-49e6-b309-ba2f8ffee526,2022-11-12,3927.65,5987.45,credit,0
a347ce05-239e-449f-8fec-53eff11bbf94,2022-11-12,-237.61,19051.87,credit,0
58563313-0c65-48e5-9a6c-750c1f2be5ad,2022-11-13,3883.88,5052.78,credit,0
7941fd88-b8e0-4e6c-9137-45d08c56d6a3,2022-11-13,1831.12,16735.85,debit,1
6ef53b7f-844c-4211-bafc-2b34f11cb7cf,2022-11-15,3938.9,12158.08,debit,0
ad10618c-5519-4b31-88d6-622cb6ac3460,2022-11-15,1987.99,1902.29,credit,1
709b536b-35fb-49d2-8f23-6b6f9a737150,2022-11-15,3404.82,15431.93,debit,1
6f3aa588-f2d6-4d88-8dd7-d02c62878b49,2022-11-17,3.2,16588.88,debit,0
29895189-d746-4d64-b76a-a191d428acad,2022-11-19,2702.97,2411.05,debit,1
7261ebc6-1395-4ced-9ad5-3e153dd523bf,2022-11-19,1445.78,2353.86,credit,1
51334630-f54d-4b36-8c7b-f8e6c3418a9e,2022-11-19,3808.42,10968.78,credit,1
b7629b7a-ddd9-4868-9af8-57f5a53620a5,2022-11-23,642.93,10620.63,debit,0
45ef499b-536e-440f-897e-dbff39469a94,2022-11-24,706.43,3208.39,debit,1
f2785ff4-e52e-4816-9c06-34e7cdf007e8,2022-11-24,1202.09,2825.09,debit,1
4eadba89-f943-470d-83cb-0a68dd6438b6,2022-11-24,4727.51,14213.57,credit,1
ecd66d7b-6f07-4152-87a2-82294b73651c,2022-11-24,1379.71,4353.85,credit,1
b112720d-e3c9-4838-966a-3e5a4a5c7e16,2022-11-25,3092.95,127.45,debit,0
8dd0d11a-bb5c-42b0-ac1f-85ebb19d0692,2022-11-26,902.76,9004.28,credit,1
07e39743-9772-424b-b6d2-8e5ad9fada47,2022-11-26,1160.07,4195.75,credit,1
0ae0d1f3-c01f-4df6-81ca-0749fb61ef4d,2022-11-27,916.29,3206.45,debit,1
0877e828-1b93-4c57-ac9b-71ba22894353,2022-11-27,1764.19,15880.85,credit,0
8b8191f5-863c-432f-a3bb-5bef4face80b,2022-11-29,1709.25,2735.22,credit,1
24d8a39e-30b1-4a48-9e77-44d110a0581e,2022-11-29,489.28,9220.57,debit,1
daced214-1791-4cf8-b07c-b1a6868abf89,2022-12-02,924.93,9206.96,credit,0
3622b637-b835-4cf6-9e79-b892b038a220,2022-12-03,2828.76,16054.45,debit,0
3fa63107-ce79-41d0-91c5-5fc3c36bc027,2022-12-04,1142.13,9047.47,debit,0
58e9b23d-d6a8-41f7-a347-7fdb9a7cbd20,2022-12-04,1987.07,13676.84,debit,1
4745d3c8-84a5-43d9-9014-07f0b8815553,2022-12-04,3963.17,1994.48,credit,0
8952934d-0281-4f3a-ba82-0ff9b06aa665,2022-12-04,967.42,19327.75,debit,1
f0c8eaa5-3298-491d-a54f-360e6c5807aa,2022-12-05,603.78,4256.09,credit,0
e5ef6563-c244-4893-a6d8-444905c44be8,2022-12-05,3020.76,14759.27,credit,0
f579eb54-8b5f-42a4-bf9a-e7cefbfc4ecf,2022-12-06,2176.72,8300.04,credit,1
67bacd62-20a3-47f5-ae2b-1ba6a0a5ee5d,2022-12-07,1955.4,14213.95,debit,0
cfc7b825-a0b8-447f-82fd-3e81592abfc7,2022-12-07,3492.72,9562.57,credit,1
3df6603d-c36e-447c-b3a9-c276f5f7a480,2022-12-07,2239.87,16271.31,credit,0
b9e28edd-414b-41d6-862d-f142258ced52,2022-12-08,4597.91,11400.85,debit,0
56136294-70e7-4e39-a6fa-9ac7a753b4ec,2022-12-08,4129.08,16177.26,credit,1
013c89b4-bfc5-4c43-9941-1d658d99439a,2022-12-08,2696.59,5414.27,debit,0
c79f2163-98ae-4447-8771-0777f0fd74c1,2022-12-09,2419.19,16858.13,credit,0
9c843519-d819-49e7-af99-1881668a3e27,2022-12-10,456.22,13864.07,credit,0
7f6ab160-1469-4d91-9195-776793eb8b99,2022-12-11,4489.35,2571.04,debit,1
b7542729-6015-4628-b928-a7d81eeefbd0,2022-12-11,2030.15,15074.3,debit,1
28602851-ace5-4492-a557-0013bbc131f6,2022-12-11,4341.85,6451.41,debit,0
bb2ed5c3-ab1b-4bac-ad3d-6087afbdc60b,2022-12-12,590.1,17236.29,credit,1
b4320555-4f0e-4847-aa86-518f8e6afc0c,2022-12-13,373.67,6651.35,debit,0
80c7e316-43df-41cc-b6f6-f4e1b8382a5d,2022-12-13,2573.4,10442.43,debit,1
0e93ed09-0367-4b32-a4bf-30872d5ed955,2022-12-14,1191.48,6398.52,credit,0
73f4d203-662f-4307-94f6-d54725200e8d,2022-12-14,1844.14,284.83,debit,1
da886949-5383-4de8-ad1c-794fcdf690ea,2022-12-15,1711.09,17566.43,credit,0
e0dbb1d0-e86f-4918-b922-bd4c1543be1c,2022-12-15,283.65,8999.88,credit,1
c2b999d2-93ed-4d71-8600-c2c16bb0ff23,2022-12-15,502.56,8888.86,credit,0
e3540e98-029c-4469-ae29-d62107fea350,2022-12-16,2540.62,6767.63,debit,0
af29ac7a-10c0-4ac8-8828-36f2c728f82c,2022-12-16,4104.71,2643.51,credit,0
0e28d66e-efd9-41e1-b519-7f9a285562b1,2022-12-16,1984.14,6636.28,debit,0
2718e1ef-78f6-410f-9624-457e8153a0f8,2022-12-17,394.82,19856.0,credit,0
792c2244-f971-4588-b2dc-fb6449b3d489,2022-12-17,1589.38,8300.6,debit,0
8b542b98-485f-4880-a8a1-447d569b4559,2022-12-17,4798.51,11572.66,credit,1
8bf37d39-e272-4823-b4b1-b88d37b8f7aa,2022-12-17,150.5,19165.89,credit,0
13d3ea9d-af26-4eec-a566-0957eb1e4a46,2022-12-17,1006.11,2893.41,debit,0
c59bf450-c071-4f68-a335-5ae11351f1eb,2022-12-18,408.46,11855.49,debit,0
26b41428-8913-447b-ae9a-d4ff9602dc65,2022-12-18,3681.85,13069.02,debit,1
59105d9f-62cc-4712-890c-8d681f03de7c,2022-12-18,414.05,13501.35,credit,0
0f54c55d-9f20-463f-ba04-f67652c0e5ce,2022-12-18,1801.2,19490.77,debit,0
a8f7ad28-f342-4b68-a5c3-cfeec9f51d1d,2022-12-18,-61.25,7026.41,debit,0
8bd97165-ca8e-4c88-a127-a50f03189046,2022-12-19,1338.55,9090.66,debit,0
9717966d-cfc1-492e-b841-28c50aad4372,2022-12-20,3277.86,17375.88,debit,1
3d983f2b-6afd-4b05-a321-22dbcc12b802,2022-12-21,1611.05,15952.43,credit,1
16604ea3-8272-42e8-96ea-464161a64572,2022-12-21,4518.34,13171.89,debit,1
dfb87958-4ac3-4e99-9be2-16f56ae2e4b3,2022-12-21,2567.11,16035.24,debit,1
a07c87c8-03e0-491f-ae83-6c9c813730fb,2022-12-25,1671.73,4105.42,credit,0
2986e216-53a4-40b0-9736-235fc6f8c74a,2022-12-26,406.78,9330.57,debit,0
c3409ebe-fe31-4fae-9ab9-d600a639b668,2022-12-28,2480.33,1129.93,debit,1
8b8fcc08-bb3d-4de2-93ac-dc7e7ec18f58,2022-12-29,102.38,16137.75,debit,0
501e7e8b-9f6b-4ec2-83ae-d986a9e4a6c0,2022-12-30,2713.67,17978.17,debit,0
fdd89c42-5c44-412c-bbdb-52f7d964679d,2022-12-30,82.34,7489.55,debit,0
a5cdd634-1c80-4ead-b9c7-05a18a9d9021,2022-12-31,1212.13,2783.37,debit,0
7f36fc3b-7dd3-49ef-8bb1-1461c82a469a,2022-12-31,4273.41,2924.23,debit,0
3dce4d1f-d79d-4aeb-8689-d082b146d2a7,2022-12-31,1132.57,15844.4,debit,0
3dade9f5-ac34-4f67-a014-3463adaa8836,2023-01-03,3991.64,15026.76,credit,0
f94b3f92-dd05-498f-99f9-f38d702e526e,2023-01-04,-193.57,18816.36,credit,1
1f312872-a9cf-4c9e-b30f-14ee7251f759,2023-01-04,1717.78,7187.83,credit,1
1ae92ff7-bcc5-4eae-a62c-63b8d8bacd68,2023-01-05,4605.42,1312.98,credit,1
09dfa020-fbd1-4392-9a68-a0dab92ec1a9,2023-01-06,-188.44,15933.57,credit,1
9ac77a7f-5462-4c5a-9cd2-3437e97d9e06,2023-01-06,3147.11,1180.57,debit,1
f575a7f6-c578-4959-a2f4-584dd389f61c,2023-01-06,3780.47,5101.35,credit,0
adf1f6e0-ff76-4f25-b602-a5f8d39e072d,2023-01-06,-101.29,593.55,debit,1
b731c0b4-d88e-47df-9257-c6e7fce3e707,2023-01-08,3899.61,15047.22,credit,1
a034250e-10ff-43b1-bbb8-b9698fcc9ca0,2023-01-09,-368.31,2824.78,credit,1
07a9432a-dff1-471a-b6a1-3c389db7686d,2023-01-11,3972.72,10083.52,credit,0
74d5fd64-16ac-4c2a-9a01-635865d28a6c,2023-01-11,1827.47,3176.75,credit,0
9d07cbfd-a5ca-4cd0-bb03-8e844e3f7804,2023-01-11,4673.75,15450.56,debit,0
52d1a5e7-fe63-4c62-b4c8-3e06b3b21711,2023-01-11,831.27,13656.75,debit,1
e61454b5-e219-4bde-81c9-ff59426fcd33,2023-01-12,3676.14,11362.88,debit,1
49fe99a5-d421-40e5-b4cd-701965aa8644,2023-01-13,2310.96,1386.6,debit,1
22bec460-ccf9-4dad-a323-611cc922155f,2023-01-14,3458.7,9605.1,debit,0
aa7ed753-65b0-4652-af33-be814b6cc2b3,2023-01-14,3370.14,18080.73,debit,1
ac84ed46-bbac-4375-83fd-47a1574c0266,2023-01-14,435.72,1654.5,debit,1
f64aa6f9-d3bd-4945-81f9-d4d825af459e,2023-01-16,947.44,13242.93,debit,0
29d6f349-1123-4a6d-b40b-428dfc528338,2023-01-16,4836.8,17561.49,credit,1
eeadda9b-62f5-40b9-8199-0893ed408228,2023-01-17,1122.4,618.64,credit,1
24aa1df6-c9ef-4ccd-b23f-3291756965c1,2023-01-17,2758.57,9516.98,credit,1
d0af8485-c358-4fab-a21a-8d31ae20a70d,2023-01-17,2541.05,16230.52,credit,0
ec2d4902-f14e-4a9f-ae6e-a6d2168e473a,2023-01-18,4432.08,11516.74,credit,1
77bf276b-7cda-4fda-9f2a-dedbd219d4cf,2023-01-19,2487.74,17521.38,debit,0
f88b30da-a497-4b02-8621-18216f056b60,2023-01-19,1694.54,3151.78,debit,1
8f9bee80-24e4-4b36-a0a3-e51e9ae223f4,2023-01-20,1791.03,10211.2,debit,0
0d926ded-6710-4cf8-aac4-dfa11d8e0d73,2023-01-20,-347.65,12769.49,debit,0
81e43307-4b73-497f-aa8f-b2b8f3f3a29c,2023-01-24,1091.57,15772.82,credit,1
5f6fbcd7-edc5-4af9-aa41-264ddada2b9e,2023-01-25,3766.24,9417.31,debit,0
ff76bfc0-bcdc-483f-8fb5-984684272610,2023-01-26,4692.14,7145.26,credit,0
5148a4c2-4e22-427e-8367-17e465d5d2ca,2023-01-26,2686.83,11835.83,debit,0
9e70042d-72df-4fe0-9130-f139d65c224d,2023-01-26,2172.74,6939.54,credit,1
4d891eab-a518-48bc-8324-81b9714b92ca,2023-01-28,3937.2,2107.7,credit,1
9c216ff1-a467-4ce9-b552-5aea28f59be2,2023-01-28,4861.0,5720.68,debit,0
664bebbb-97b1-4fff-999c-e02abbf84d88,2023-02-02,3229.24,14010.66,credit,0
defdc30f-cc88-4b1a-8fdf-02462ca26ca8,2023-02-02,4678.77,19046.72,debit,0
1e4f395d-7273-4a20-aa5b-d044f53868cc,2023-02-03,4118.29,18131.9,debit,0
44efaa6c-249d-4290-ae6d-c65835a1cac9,2023-02-04,4432.06,4623.77,credit,0
9ae3cf9e-78cd-4986-9a64-ee3ace187ac0,2023-02-06,-89.1,15354.36,credit,1
3071daa1-7658-4f2a-9eba-791d546b4ade,2023-02-07,3235.43,18061.59,debit,1
5ad07bd0-b204-42b8-9a01-f6f751b505c6,2023-02-08,3773.14,14435.09,credit,1
7bf10d67-065f-41c3-8d9b-2a9ec2ed7500,2023-02-08,2043.12,13679.28,debit,1
422fdc07-464b-4fd2-ace5-6a8eee73adf7,2023-02-10,4962.58,12499.34,credit,1
1f4bf4be-0515-4df4-8653-948974f6a1e0,2023-02-10,3452.81,10888.01,debit,0
016bbdd8-c354-4209-90b1-0c7066b267ee,2023-02-11,1226.39,17162.61,debit,1
1027e43a-f584-45cb-b026-60f76ab46a9f,2023-02-11,3656.49,13335.18,credit,0
7493b135-744d-4da4-b0c2-e87b2218d5bb,2023-02-11,4649.41,500.8,credit,1
cadded45-c63d-4a22-b7e6-7472bdd228d2,2023-02-12,2548.61,1669.51,credit,0
1b64bdaa-ebe8-4ce2-b951-a98b260f1e2b,2023-02-13,4619.1,18858.69,debit,0
78a4412c-6882-42da-abf4-6985bd373935,2023-02-14,-443.38,8290.29,debit,1
246c3f3f-6405-4d27-93c7-ee2a907c849b,2023-02-16,4889.81,4902.78,debit,1
7ba6978a-80b2-48ed-8d0a-7b7759ef9f34,2023-02-16,4829.88,15088.28,debit,0
9c4749bc-96a7-48f7-bb0d-fbf38f8295dd,2023-02-16,926.46,8701.17,debit,0
abdf7b3d-a0cb-42b9-80d7-a37a030ddb2d,2023-02-16,4920.53,17935.4,debit,1
6aa8bd6e-0bcc-4ab7-8177-83bee679dc3f,2023-02-17,2655.51,8149.75,credit,0
aae618e9-d18c-459f-9055-d0e6de9649b6,2023-02-17,971.17,11983.7,credit,0
3adf7d2f-09c1-43be-be0f-fdc4173e7f94,2023-02-17,2425.68,2686.38,credit,0
87bb2de9-cc59-4792-bef1-5588260f828e,2023-02-18,3337.05,2069.67,credit,0
a87fd920-3422-4f99-bd41-44516794f6f4,2023-02-18,444.97,6159.68,credit,0
59536fbe-752a-4d0f-b0af-b8b4aa67aa26,2023-02-20,3239.39,13707.55,credit,0
2bfc1fe9-bfbe-462d-bd8e-600ccefb217d,2023-02-20,4390.16,18205.27,credit,1
3de701fa-b8ca-43c8-87f2-bf739dc9104b,2023-02-20,4549.46,420.74,credit,1
ca597014-99d8-489b-a341-a23ab3ba586d,2023-02-22,2698.66,9979.2,debit,1
aa0adee2-7395-4a08-8e6e-064bd4837533,2023-02-22,2185.14,12533.57,debit,1
e967c865-be7a-4ed7-991e-b10a3809f5e5,2023-02-23,4307.16,18199.76,debit,1
aaee0be5-7719-4a8b-ae0e-744f26f6d4fc,2023-02-23,232.14,1131.86,credit,0
5a26eaa0-f429-4dd0-ae79-62d169ece4d3,2023-02-24,4536.5,10589.63,credit,1
1ad6ee7c-37e5-4893-b39b-c8fbe7fb6a0a,2023-02-24,1015.55,6252.67,credit,0
26960d79-ff1b-4693-b002-9d63d6527be9,2023-02-25,3493.86,8211.79,debit,0
6095ab63-7d94-4c81-9095-9920edddff9e,2023-02-26,4746.0,10624.42,credit,1
8c715537-88f5-4344-b1b6-b5e3abb22166,2023-02-27,1418.67,14053.4,credit,0
176acadb-a8d0-4cb0-b5ba-620ab1146dd8,2023-02-27,4272.01,11500.93,debit,0
c7283f92-cc52-4d98-89d9-489d2626dad0,2023-02-28,3734.2,6421.41,debit,0
46851c3b-0fe6-404e-81ff-80bc151c2f16,2023-03-02,628.54,13069.16,credit,1
433230c7-b8a7-4ce0-a749-5bcc67acd0d8,2023-03-04,2713.04,3926.79,credit,0
47e2d44e-938b-46de-b484-d25f006c22df,2023-03-05,3922.55,4089.04,credit,1
4db8df38-2d77-4066-a1b3-f15993505e6f,2023-03-06,1754.81,12288.24,credit,0
f8799b07-955b-415e-82cd-3a5b6542506d,2023-03-06,2775.94,3640.2,credit,1
0c28e3d6-fbd7-42d5-8ce9-efdde657ea62,2023-03-07,35.83,13788.32,credit,1
419301e5-a6de-4147-b12d-a89390ab171b,2023-03-07,1374.89,9121.85,debit,1
fdd30436-3e64-4ea6-a4f0-2d12d171cbc9,2023-03-08,203.58,14101.85,credit,1
27c420ed-78ef-4e5c-9262-8ed0749dc130,2023-03-08,4179.72,14837.37,debit,1
f738b878-66a1-4f84-a6b0-4b30fd226263,2023-03-08,2824.75,15256.01,credit,0
9a450145-e961-4044-996e-d0c1d8504a4e,2023-03-10,4673.11,13586.12,debit,0
1845880f-8ad0-4d10-952e-d58196909ecc,2023-03-11,2194.22,8871.31,credit,0
0a0a018f-d534-4c24-b798-4aabdd209ef1,2023-03-13,2969.45,11728.08,debit,1
6bdf55de-fb8f-4a88-b995-2cebd59b8fe2,2023-03-14,412.38,6406.8,credit,0
b534fb68-555a-450a-b97f-0ec737031c28,2023-03-15,699.71,11224.38,debit,0
db24ff98-6608-42f5-89c1-a12dd734b67d,2023-03-15,2004.06,19515.91,credit,1
036aeaf9-e7a7-4e3e-8364-bc6cd8703f11,2023-03-16,-91.68,11072.75,credit,0
2b97f0fe-aa90-48e9-9cc0-be1d74beb2cc,2023-03-16,1331.46,15198.89,debit,1
0d052e94-f933-41ce-98f0-f8fef580189c,2023-03-17,4364.51,2781.55,debit,1
4557c7b6-bd24-4970-be34-5ba7f1e659b6,2023-03-18,1664.51,19042.77,debit,0
58741349-bfa1-422d-b496-43d38ddabb43,2023-03-20,3394.02,11939.51,debit,1
fc074d79-6a8f-4443-b310-b5c8d0909bb3,2023-03-20,3851.78,4659.96,debit,1
9b40113f-3508-4b7e-b378-4c1312562cc4,2023-03-20,-233.32,5019.33,debit,0
fb35eb70-7698-4a1d-9690-e771cc4a45a9,2023-03-23,1252.24,15054.2,credit,0
a2566abd-4820-4844-bcf0-65fdda47cc6d,2023-03-24,-69.16,13762.41,credit,1
6264c3d1-5b7b-4ffb-9e0f-a6ac6c76b960,2023-03-26,30.01,5706.04,credit,0
35cce688-fff7-4aa8-94b8-e6c6a94e5337,2023-03-27,4408.38,16648.08,debit,0
ddca1af0-4564-4caf-a8b5-5f2ea57b8d2b,2023-03-28,4642.04,17092.88,debit,1
76e6dbc3-4b8f-4b00-86b7-07322a046243,2023-03-28,4632.71,1008.33,credit,0
7c04e4ea-78a2-43e8-ae07-cb4ea5c70d7e,2023-03-28,3813.8,4952.4,credit,0
c79e4c59-aa94-4204-a9ca-e0d30f7f0af6,2023-03-29,41.29,16019.87,debit,0
14507de8-017a-4ff9-a924-19e8f1ededfb,2023-03-30,1234.74,29.35,credit,0
663ed05d-d470-4311-b33d-53397758560c,2023-03-30,1469.01,4346.74,debit,0
24448e9a-23e9-4b4b-8375-058c4ff0fe03,2023-03-31,3564.12,5910.39,credit,1
819440cf-b915-490c-8d72-cc078f6b71e9,2023-03-31,-224.17,16196.36,credit,0
169b059d-3d94-43d6-ba94-f8560f5777ab,2023-04-03,3384.53,641.78,debit,1
773e3974-7210-4761-8bd9-63ff24eb2594,2023-04-03,-105.52,17207.9,debit,0
f3734d72-8a9d-4e7f-b531-d5c8bcdb955d,2023-04-03,2707.94,5190.36,credit,0
4b777022-40bb-4d18-b8d7-c8dca7027a1c,2023-04-04,341.24,11935.09,debit,1
29f19263-7641-4596-869f-7b4e31ef32c5,2023-04-04,-461.9,2793.79,debit,0
f889b284-03c2-4496-9b83-c0b81b14d423,2023-04-05,429.4,1634.22,debit,1
559b61dc-add9-46d1-9407-c92ec104aabb,2023-04-06,3079.15,13231.78,debit,1
1a3d60a8-d5b5-437d-be9c-83b16648524a,2023-04-06,3214.91,5175.19,credit,1
8d3ce41c-9a43-41f9-a601-161d34e6c5db,2023-04-06,-356.27,7276.25,debit,1
c5d0c7cf-47f0-42b9-b893-c6610d01fc22,2023-04-07,3776.03,131.05,credit,0
8d024267-55ff-4f2e-94d8-8dd59b9248c8,2023-04-07,-297.16,2958.96,debit,0
1e765fdf-1815-4ae9-ba4a-1dde3e717f1f,2023-04-07,679.96,8259.18,debit,0
90455708-8ad5-44a1-9b59-f5b8938d1be2,2023-04-07,280.41,16990.74,credit,1
744dc2bd-0822-40a0-bc04-f0c40e4fbbbe,2023-04-09,2771.28,12505.29,credit,1
4bbca3c1-9dca-48b0-a10c-3eda669be9d6,2023-04-13,3486.68,9039.85,debit,0
5e917a48-5afd-4d68-8b46-4d13acbb5c85,2023-04-16,4581.06,6300.19,debit,0
4867ae3d-b300-43fb-8617-c1ea21272dc5,2023-04-16,2831.06,6729.66,debit,0
5dafec81-50f0-4257-b095-616215f11d9e,2023-04-18,344.08,16267.4,credit,0
da97b6e2-3c8a-48dd-84e7-a714b1aa9c02,2023-04-18,3763.92,5890.6,debit,0
a831fd9c-a0d2-4aca-b3f7-975556c47064,2023-04-18,651.37,10607.3,credit,0
c849cb2a-ff62-4494-85bf-9ed68118b26f,2023-04-18,-126.92,10041.63,debit,1
8837a519-e187-4126-b7b7-748d54c448f7,2023-04-20,2861.31,19858.26,credit,0
c6e63d1d-7845-4b7c-8fd8-13424bcb68d1,2023-04-21,-392.36,6460.97,debit,0
7a6c639e-85c7-489e-b35c-9204f230a69a,2023-04-24,425.55,15010.28,debit,0
bfcdd046-793c-46c5-a7f0-42aec39bef4c,2023-04-24,4738.59,8866.06,credit,1
2160f80a-8097-49cd-8ea8-b5ff0c13b9df,2023-04-25,472.73,4326.08,debit,0
24138826-5c34-4906-b276-4890d2caca80,2023-04-26,3426.4,17608.68,credit,0
04c4a912-9728-40e7-b1cd-c86efb67ef5a,2023-04-27,1432.52,9341.34,debit,1
7e7df6fa-6975-43f5-ab03-efa8af44fc5c,2023-04-27,4127.15,1926.48,credit,0
76c0e2a1-eeb7-40c7-a0c4-fd06ee6f4cea,2023-04-28,-397.35,12889.39,credit,0
07a272ab-3f86-45b3-acaa-ff8c3d0401b9,2023-04-29,856.68,7858.44,credit,0
06eb0b62-bd9c-43e9-9336-ffd4f608a1f2,2023-04-30,3103.67,18037.5,debit,0
33c631e8-6ce6-4995-984f-0bb34bd5dea4,2023-05-01,728.64,1906.33,debit,1
e356b512-9714-4e1a-af7f-168e48c852a3,2023-05-01,3354.5,4291.77,credit,0
c37712d8-bc78-4bf3-8904-88c40c1a4767,2023-05-02,4927.79,8339.6,debit,1
03c9bdd7-4239-4a02-94e0-50056281f5b1,2023-05-02,3711.41,3859.03,credit,0
20ac9d74-f97f-4ae1-8846-662d0b68641d,2023-05-02,4345.1,1960.49,credit,0
47ff4fed-7478-4f40-8be6-15b3422f7768,2023-05-03,232.62,13263.59,debit,1
fa81e58c-f19e-4d37-9b00-b9072010bc51,2023-05-05,3921.54,11925.61,debit,1
f103071a-28bc-42b0-b0db-04832e3b0289,2023-05-07,2312.04,8628.11,credit,0
c855d146-dfd5-425c-bd74-071389006189,2023-05-08,1027.27,766.97,debit,0
db4f7336-af09-4061-9af4-c3ccf232bb42,2023-05-08,749.26,8532.27,debit,1
ff78c53c-64a2-498d-b23c-16b6ab69957c,2023-05-13,-472.04,2409.87,credit,1
f9ce8c99-0f4e-48ef-86cb-3bb83732fdae,2023-05-14,77.83,14535.29,credit,1
c75f6367-8761-4b0a-8b4e-22ff92d2e2c7,2023-05-14,2803.41,11396.52,credit,0
9cfb093a-ccba-4788-a94c-ed19b0ec2479,2023-05-14,1492.27,8682.0,debit,0
cacbb8f4-4c06-4b64-afd3-32b3a87fd2f0,2023-05-14,-207.44,16569.71,credit,1
af0ef65e-56ce-40cd-8391-a9eda9f35767,2023-05-19,852.08,12819.63,credit,1
42bb1791-613c-46e2-8f2d-2965d695a020,2023-05-19,2083.05,6264.22,credit,1
f8a005a6-fe34-4027-b6b9-9625387083fe,2023-05-19,4934.44,9202.02,credit,1
8462549a-84e4-4461-8734-9f7b55847fc8,2023-05-20,-469.84,13563.92,debit,0
8097552a-bff4-426e-a91b-26d442503d1a,2023-05-22,1676.43,15470.57,credit,1
f4004381-93c7-4388-a3fd-9548c317e9d6,2023-05-22,1243.42,185.8,debit,1
72ab0bc2-fb0f-446c-b7fb-51ee90699665,2023-05-24,2735.44,12922.12,debit,0
947fcaaf-b63c-4153-ba77-ce65b2011da8,2023-05-24,1807.43,2112.18,credit,0
d2ba0567-30f8-4045-aedf-90b853d17011,2023-05-25,1822.69,19347.92,debit,0
a4ad4346-6a2b-4d0e-b99b-608b33fdf231,2023-05-25,1734.49,6972.44,debit,1
c9dfc3c4-c2b4-4052-bf6a-5818f5a0427e,2023-05-26,1013.55,9238.64,credit,1
b2733442-368d-4c2b-869b-bdf3210341f6,2023-05-27,4452.74,3396.8,credit,0
c10c707f-1d38-450c-ad60-f741c586bb9d,2023-05-27,3856.9,9024.06,credit,1
774b3b23-5770-420e-8146-4d4b8631fca7,2023-05-29,408.9,12652.07,debit,0
bdbfb6b0-d05b-43e4-945e-d19d584fa638,2023-05-29,105.22,18914.16,debit,1
cf2e3b3a-01d0-4c48-9ebe-da7bbf4b7cf3,2023-05-30,1974.66,13644.97,credit,1
fc92d566-c3f3-483a-bc04-fdf039894b1b,2023-05-30,-496.39,17085.97,debit,0
e18b4db5-d63a-470b-9994-e5f3c2836083,2023-05-30,3361.19,2412.13,debit,1
a8faf243-854f-4d02-b66e-eea4eaec6e70,2023-06-01,2475.8,11498.54,debit,1
214bfde1-efca-44d2-bd1e-011f06e7ed56,2023-06-01,1917.1,6608.29,debit,1
2f821d8b-bcd3-4347-ae49-fecb6c437680,2023-06-02,4414.52,8981.93,debit,1
b6cf206c-0dda-403d-a1f3-f642558a3b03,2023-06-02,4043.22,12022.91,credit,0
0d597873-0061-46a2-9ee2-8dfc6f2acf6b,2023-06-02,1388.21,4790.21,debit,1
9b082b6b-98d3-4086-b92a-aad70681ef85,2023-06-03,4971.96,16498.5,debit,0
56b3e95c-09b9-4924-a065-4b94aac33fc1,2023-06-04,1961.88,9181.47,credit,0
a61f6d63-638e-4fbe-92cf-f2975821e808,2023-06-05,4821.54,10154.52,credit,1
a7af47d1-93d5-414e-b824-38b9560ac29f,2023-06-07,842.81,10145.75,debit,0
f2685245-dac6-4c16-af8f-97334718e5f4,2023-06-07,-57.58,7744.73,debit,1
4cf2283d-2a56-4edb-9788-714343ee0a2f,2023-06-10,-194.92,16178.67,credit,1
61299c7d-53fc-4512-b64f-a68ec8912c04,2023-06-10,4103.67,11238.98,debit,0
3d5a26d3-5434-467c-a6ca-cee2dbf5c097,2023-06-10,2021.87,9716.9,credit,1
feed9227-795e-4d6d-8d36-fce52e3ecf3b,2023-06-10,3201.96,1890.48,debit,0
0b68c635-508a-4efe-9e2c-15946e003976,2023-06-10,957.28,12296.02,credit,0
6e14fa8c-6248-4f41-9274-3dd93db55638,2023-06-11,-288.88,2069.89,credit,1
59e19661-13aa-458a-adf0-abec392bb7a0,2023-06-11,1615.07,15487.51,debit,0
c44d0ab6-717f-4023-ac78-85d60c2ec93e,2023-06-14,2360.14,4328.26,credit,1
f078d30e-e4c4-43f0-86a8-5e9e931774be,2023-06-14,1963.97,13408.2,debit,0
7027e9e9-154e-4bfa-bf6d-9a3e79794f3b,2023-06-15,2500.72,14568.87,debit,1
1ba774a1-8cc8-4fd9-8eb7-534328a4a0a3,2023-06-15,3333.24,19345.76,debit,0
f19c5ec2-e26f-4418-a9af-3f946d275485,2023-06-15,4.63,18010.38,debit,1
d365a599-d7d8-44ca-a6c4-4a87b5009af5,2023-06-15,2289.95,10661.1,debit,0
0986bd98-0271-413d-b341-90765ef753ca,2023-06-16,2826.04,8516.42,debit,0
9c69c268-7599-4d86-9089-137680d58d4a,2023-06-16,238.1,16271.46,debit,1
7cc8d2e2-1a4b-4bc3-a189-3714e32410b4,2023-06-16,-109.57,534.6,debit,1
8a5799f8-f6d7-45f4-ad94-24c2e095fd0b,2023-06-17,-363.09,5268.9,credit,1
8ce7b803-edd1-4c2c-9f30-667f129807e8,2023-06-20,4796.58,2549.21,debit,0
16b606b4-09c7-4ab7-9dd0-5e0ec4c18b6b,2023-06-20,2597.49,6300.02,credit,0
c37c1719-9217-4c16-aeaa-ab8b54bb0ac5,2023-06-20,714.5,10508.24,credit,0
6788444b-e90f-4a56-af8b-eb77b8c7099d,2023-06-21,2486.14,19711.12,debit,0
de8e1ca3-260d-445b-96cf-b938dacb8c30,2023-06-21,1989.57,7861.43,debit,0
73a7d66d-21de-4239-8d8c-56d988e4dd34,2023-06-22,784.34,10027.0,debit,0
e74c45a2-5bad-4aab-8296-919aadc5937f,2023-06-22,2254.92,15434.39,credit,0
3d00fa1a-edf9-45fe-89b5-232aedc58fc9,2023-06-22,3724.27,4285.21,credit,0
2516b15e-a99e-4f68-ad39-6e60501f3a9b,2023-06-22,3755.49,1514.6,credit,0
0be51a50-62b4-40df-a181-b8347cefe186,2023-06-23,2160.51,5619.03,debit,1
75cbf325-e063-41f8-9797-05831b70b159,2023-06-24,3219.04,12556.11,credit,0
6887637f-c714-4686-beb9-f05dc1c06a9f,2023-06-25,3528.44,18604.66,credit,1
ca9147e2-7f1b-46d1-a96e-67642a651f47,2023-06-26,659.19,14426.07,credit,1
dc9a9ad3-3bfc-4202-90c8-bf772508e22e,2023-06-27,-31.94,7502.44,credit,1
26251b2c-da59-4308-84f0-5a563dee77cb,2023-06-27,3161.61,16685.03,credit,0
67c5baf5-1fa0-429a-ab90-aad58b239261,2023-06-28,2011.65,15128.35,credit,1
c835fb17-9aee-4b6e-8a12-9d41a2714569,2023-06-29,2771.61,4947.67,debit,1
f1c09502-49df-4961-b12f-18da3ecfa368,2023-07-01,1822.4,6952.05,credit,0
a1b901ae-13f0-4e65-b12f-302c440e0d68,2023-07-01,2077.67,8159.95,credit,0
2e9d902e-a5f7-4804-a826-de43816dc197,2023-07-02,3355.87,16743.98,debit,1
ff803f8c-98ed-4353-9bb3-7252d91c92ba,2023-07-02,126.27,9270.98,credit,1
9e01dd8f-41f1-42c8-a24a-f2446012dc6c,2023-07-04,1477.79,5693.21,debit,0
c11752ae-a837-44eb-83c6-7213664a5bf0,2023-07-04,4234.47,9667.45,credit,1
d4a100f8-5e60-4966-bf26-1468bdb83fca,2023-07-05,1268.21,9470.25,debit,1
1146705c-453d-4c86-bd2b-d459a2255af5,2023-07-05,4830.42,11479.06,credit,0
bbb8c38d-4659-46d4-8a91-ebb2bedc11c6,2023-07-06,2226.84,2744.27,credit,1
497213fb-b566-4be8-a5d0-c434d218de6f,2023-07-07,141.81,8872.04,debit,1
5f3ccccc-3f9e-4fd9-98b0-1091cf9fa0f6,2023-07-07,4676.92,15685.98,debit,0
6b1b4b59-e209-4f36-808e-4200b8a62836,2023-07-07,813.78,17056.52,debit,0
def3de81-0448-4d06-a1e0-b3da46b59308,2023-07-09,3715.25,7476.44,debit,0
3aa5160e-81f1-47e7-9618-1b003d0cbdb9,2023-07-09,-207.17,17021.9,debit,0
30c48216-eeb0-4e56-a424-a4275a8cf78a,2023-07-10,968.73,9231.65,credit,0
5c2e5d5c-da47-468e-8fce-24559e617885,2023-07-11,4750.7,9114.03,debit,1
872a448a-763b-44ca-822a-c73fa13dc0dc,2023-07-12,2913.86,6030.79,credit,0
d4864749-9254-423b-8494-c57eb7fdaa57,2023-07-12,-135.55,19567.86,debit,1
ee0a7d6e-a23a-4379-89db-efd7096e155d,2023-07-12,1761.19,3830.28,credit,0
d331f4b2-4c15-47e8-b5ba-29bb6bd913d9,2023-07-12,-111.08,14403.17,credit,1
98f640a6-0ba1-4d67-8db2-ef2614903462,2023-07-13,4743.67,6157.63,credit,0
3bfb718b-cf45-4279-807d-0237c6548321,2023-07-13,204.33,16165.67,debit,1
c32646bb-4d8e-47da-b90b-da95a752ee17,2023-07-14,-351.8,19422.64,debit,0
aaab9a90-0d8e-44ba-accf-fd9c8cd0aaed,2023-07-14,4488.31,11548.43,credit,1
26ac91b0-ae3b-4edb-9434-ea73b1f20e2a,2023-07-15,-44.14,17813.68,credit,0
6a5e9021-1fab-4b78-8df5-bb45fd1c033e,2023-07-15,3093.61,3248.58,credit,0
78a79ba2-5b61-4779-9912-88a8ea442ec1,2023-07-15,-57.29,16044.63,credit,1
2bfb6c09-478a-4b79-830e-c3b4f267ec7d,2023-07-15,814.14,9291.38,credit,1
377bb87d-77c5-470a-a2eb-c6d5d84c7295,2023-07-17,1158.67,14185.24,credit,0
a6c9f17e-90a0-4f72-afcd-474140358d01,2023-07-17,71.09,5278.34,credit,1
42bd3b21-cc54-4690-a0c9-1abb66b154c7,2023-07-19,4291.07,5194.41,credit,0
da87dcf5-e366-471c-9f6e-65fb196c72bf,2023-07-20,580.6,13953.18,credit,1
fa527073-ce6b-43e1-b8c0-8c28046413dc,2023-07-20,3330.1,8621.98,credit,1
4fb9d5fb-1277-48c3-a261-752c5f72453d,2023-07-21,4869.94,14667.19,debit,1
a023805f-7e6d-49c5-844d-329c50f2c2c9,2023-07-22,3174.58,13008.09,debit,1
9c6c62b7-5950-4daf-936f-5c4f9da34517,2023-07-22,4471.87,13209.55,debit,0
ce0572e3-7fee-421c-adfc-fa49bda79412,2023-07-22,3535.07,12859.02,debit,1
45104e9c-a0f7-4344-b7ac-8f59adc2eefb,2023-07-22,2844.66,19064.86,credit,0
17e3ad9e-c2d6-4d97-9ba6-4b34e5919eb1,2023-07-23,792.27,19050.41,credit,0
c4dfc8d3-502c-4e99-9c12-6ffdd2520b9a,2023-07-24,4573.92,7610.17,credit,0
a1ecbbd7-5b6a-47c1-8c2e-95fc49ce3a08,2023-07-26,2277.49,19376.68,debit,0
801c04ee-c47c-4351-ae29-f37855d694fa,2023-07-27,4613.68,10012.61,credit,1
344d05fa-4cee-4376-97b4-3cd6ae4721bc,2023-07-29,-222.47,1609.55,credit,0
e8c3ec0e-f276-438f-999e-b633beaeedb1,2023-07-29,2840.12,4368.0,debit,1
1dd69268-f120-4732-b7d1-7a1d118a2a81,2023-07-30,1888.76,19568.49,debit,1
6b400472-0291-4e79-abb0-d13e78774703,2023-07-30,4818.29,5985.9,debit,1
69e65b7f-febf-40cf-9559-f3e545e9d89f,2023-07-31,620.6,6372.62,credit,0
db2ad196-6f2d-472b-8f4c-ce798d566a1e,2023-08-01,362.06,18728.12,credit,0
8b4aead6-7400-4e1a-8761-6a3e595e6a97,2023-08-01,4862.74,3747.92,credit,1
115cda7b-5f38-4b26-ad98-73e556048be6,2023-08-01,3255.16,9497.95,credit,1
0de8d0f6-ebd2-4cbd-b0f8-6d667442a1cf,2023-08-02,1591.81,16741.15,debit,1
b207f256-08c6-46ac-ae19-48e09484b72e,2023-08-03,1636.63,7612.86,debit,0
8575e984-eb09-4842-be4e-acd969b3cc57,2023-08-03,1263.14,18700.88,debit,1
4af9f593-6165-4f1f-b82e-d5bb9ed10d40,2023-08-03,1634.04,2385.98,debit,0
b5210238-cd62-4f29-8ece-01a558ea24fc,2023-08-04,1511.98,11834.09,debit,1
278fee66-1794-4e1c-a1bd-56a9b94debdf,2023-08-05,1894.76,6772.04,debit,1
e0ebb10b-9d86-493d-8887-8ad0cf0c1c62,2023-08-05,965.52,12736.27,credit,0
784d9b8a-b721-4ffd-ac8d-b4928be29f56,2023-08-05,1824.5,3882.39,debit,1
a444422d-614e-40ae-94d0-548a7544eb89,2023-08-06,1299.99,4119.51,credit,1
c31ffb6c-3fa9-4cfc-ab7f-cbc982c7197f,2023-08-07,2697.4,4176.53,credit,1
b5cc145d-0e86-41bf-81fb-3c8d7661d112,2023-08-07,3010.43,1706.62,credit,0
696cc1e5-c184-44b2-bd7b-46915221d3be,2023-08-07,3806.66,10602.13,credit,0
d500e137-f691-4535-826e-8c7454550196,2023-08-08,1767.31,10277.26,credit,0
34e84e95-31a3-4e0d-834c-e9fd71afe5b5,2023-08-10,-240.77,1835.7,credit,0
4136eb5a-ea0d-476a-9c72-25e8b1a5213e,2023-08-10,3692.96,8692.13,debit,1
107ea87b-5dea-471a-a64b-89a8272e87fe,2023-08-10,3874.27,15968.66,credit,0
354fcd16-a6c9-485d-a3a8-059d222b7c92,2023-08-11,4877.86,14918.75,credit,1
2669df8f-f44e-45de-92a9-38bae0191bdf,2023-08-12,4559.09,16952.21,debit,0
7169073a-c39d-43be-88a9-d23bc4f5ece5,2023-08-12,2254.36,18768.22,credit,0
b38c86d8-4b0c-4ad9-9827-1ef2f532be5b,2023-08-13,4858.74,12240.62,credit,1
9dc97b6e-834e-48a2-9742-525bd498328c,2023-08-13,3048.82,13487.01,credit,0
7f8b8dc2-86ba-4113-ac91-1ae7905662c6,2023-08-14,38.42,3435.65,debit,1
0a22e1d4-6337-4906-b172-7708306371a1,2023-08-15,1971.67,10841.78,debit,1
52a65353-6544-49bd-b341-ce4f15a89740,2023-08-15,226.27,12732.06,credit,0
2b98cfb4-17b3-435a-aee4-2713172e4461,2023-08-16,4816.07,9289.76,debit,0
49d6ae7f-e5a0-439f-ae66-dbc7901675c2,2023-08-16,468.26,1120.58,debit,0
218887ca-9e9f-4939-ac06-a6529bf04f58,2023-08-16,4686.49,17957.29,credit,1
ad467d1c-bd7a-4b3a-bb0d-f1f17f93fb60,2023-08-17,2020.23,2073.0,credit,1
01b85aa4-b937-46d6-9f73-758f55718d86,2023-08-17,4701.17,11100.16,debit,1
18e63b75-1d7e-406e-938f-86ba6984115c,2023-08-18,4472.39,9253.14,debit,0
d5ad9134-0b0a-4ffc-9e77-140bc220b1ef,2023-08-19,4081.0,3641.45,credit,0
51d98216-1dc2-4ee7-90b8-8891096d6a99,2023-08-19,90.14,1960.51,debit,0
ccc4c958-3f61-4e65-8cad-3d0c06468c3c,2023-08-20,1881.02,13672.92,debit,0
82621a64-6135-41b7-a7d6-982652421e3d,2023-08-20,3531.48,10403.93,debit,0
b1379528-8909-482a-975c-e88db0f091ad,2023-08-21,4979.16,14951.89,debit,1
97ff671a-7916-4b6a-bca0-3f453058d822,2023-08-22,1288.33,8675.25,debit,1
570df4ca-46c6-449e-b783-deee3ad291f4,2023-08-23,4751.7,9372.93,credit,1
f67a9f4f-fed2-4015-9379-e00221f0fdab,2023-08-23,1378.67,19223.46,credit,0
eec0252f-f781-43bd-83fe-35368dca8cf1,2023-08-24,-471.56,225.29,credit,0
ec241c03-196e-4591-9d8e-90099815d013,2023-08-25,4336.34,18897.14,debit,1
95d7541f-1df0-4ddf-b04b-9ad6cbe55b63,2023-08-26,580.0,2764.43,credit,1
4b941641-75b7-4220-b79a-213777327e7b,2023-08-27,-150.69,14092.26,credit,0
10526f8f-2a9f-457c-a781-28be0bc93f21,2023-08-27,1600.5,18387.52,credit,0
e742f51d-ba82-4984-9b3a-4355d7b0f525,2023-08-27,2665.63,4005.41,debit,0
e7d567d1-d22a-4b19-920c-82dd908157c8,2023-08-28,2976.55,8976.55,debit,0
04e47b0d-a490-4e98-804e-8fd3bff8936f,2023-08-28,3362.97,7722.31,debit,0
964a09c7-bbc3-4a31-ab7c-6e72f1bfa3ce,2023-08-29,436.95,5373.77,debit,1
1174536d-ad6e-4057-af15-6be6fd6b82fb,2023-08-29,4959.72,14651.16,credit,0
eff13ed9-619e-4abf-8c19-0781292b3a93,2023-08-29,3176.58,15617.24,credit,1
167db5fe-03e0-484b-b973-208c685969f1,2023-08-31,-293.27,3756.69,debit,0
de4a0ee6-d8c6-4f90-bee4-e8e2e158b21c,2023-08-31,706.97,8295.1,credit,0
1461204d-5cdb-47e9-add8-581e98ebdee0,2023-08-31,4622.22,16254.53,debit,1
e91956f4-b103-49f4-8356-59e0dc92ca5a,2023-08-31,2997.51,3412.01,credit,1
d3ebb8e8-1640-4266-8d27-71310547c4c7,2023-09-01,379.09,7331.38,credit,0
56b6432c-735d-4d46-b020-cb44068c4e8e,2023-09-02,-417.0,4661.2,debit,1
0a6968f6-ddf1-457c-be3a-aa94187819ac,2023-09-03,2119.07,3805.53,debit,1
0f17bf0f-5a35-4f02-b411-5a25602cfceb,2023-09-03,4564.46,10255.63,debit,0
72c904a4-c40f-4d3a-a556-b8588afa5e2b,2023-09-04,3655.89,2898.33,debit,1
7dd40d06-050d-46ea-815f-10a0ffed54af,2023-09-05,4613.45,12675.27,credit,1
17ba150d-442c-46cf-a305-4ce38e6a0316,2023-09-06,1504.65,7250.4,credit,1
f4607119-f50a-43fb-886e-5bbf4228f923,2023-09-07,435.98,2575.5,debit,1
a1789d33-82f9-4ce0-800e-ba64d176e2bd,2023-09-08,1689.83,19236.97,credit,1
5b64abba-d2f7-4103-8c1d-40359cbb4539,2023-09-09,624.18,12645.68,debit,0
b683da95-c4c6-41fe-a2d2-7107be1f7adb,2023-09-10,3837.76,5027.77,credit,1
ebdbccdd-7567-414b-9e71-4615101541de,2023-09-10,3342.79,15216.38,credit,1
f0fc6f7c-e5c0-4fe4-a92b-937e01e1f8c4,2023-09-10,-316.85,16098.49,debit,0
94469ff0-3071-4960-b452-cb52d2a3ee8a,2023-09-10,3684.91,16368.65,debit,1
bad5f9ff-06e3-473b-8843-025ba39339e9,2023-09-11,-272.59,5582.57,debit,0
9b623d70-711d-44e9-b1eb-65f57e9ac3f1,2023-09-11,2906.71,10609.83,debit,0
d91ba48d-f1b2-49ec-ab04-18f9709e07ee,2023-09-11,2248.94,16054.5,credit,0
ae870ce4-43d8-4168-b232-da07c813dc9a,2023-09-13,2948.21,7142.21,debit,1
78edf39e-d8bb-48fa-875d-31b85343d315,2023-09-14,97.75,2611.17,debit,0
1b58a702-2d4c-4c5e-b724-70b437b62f20,2023-09-14,2180.34,6681.07,debit,1
6f156fac-2096-42e9-a6a4-c0d1110a7ff9,2023-09-15,1696.78,11796.46,debit,0
788e59f7-1ab6-4cf5-87f7-fefbd3fb7c6d,2023-09-16,696.66,13024.96,debit,1
871f8e18-2097-40fd-9c26-79164db1dba3,2023-09-17,238.34,12727.91,credit,1
38b22b6f-3502-48cb-8fca-c01e45b457a1,2023-09-19,3080.4,6672.5,credit,1
c9f0f075-0bf2-442f-a414-efe437f10054,2023-09-19,1300.56,19568.06,credit,1
e7cd6464-2d50-485b-90d2-f63986c7d96b,2023-09-20,4921.76,13147.12,debit,0
97b3cf12-7356-497e-9346-08e64baf958e,2023-09-21,3674.01,19632.18,debit,1
02b40df0-9547-4ebc-8d12-352791c60b9a,2023-09-22,179.09,18517.98,credit,0
d4470d4b-b8c1-40d2-ae01-41ea174b5c33,2023-09-23,3495.12,9502.36,credit,1
1af7da2b-7c8f-4ee4-97f5-0a1e5ad91c31,2023-09-23,-99.35,8832.38,debit,1
8441619d-b084-4a12-be31-adda029bf150,2023-09-23,1333.51,1311.12,credit,1
c04010e4-13b3-48ce-a2f5-6e9d36c76d0b,2023-09-24,540.68,15995.01,credit,0
4fbaa739-2045-4025-87bb-6dde6a44eae9,2023-09-24,1942.79,4426.27,credit,1
2a27de1f-1a9d-44f6-a801-27fb2242bbcc,2023-09-24,2118.6,14582.04,debit,0
4de714f1-f6ea-4b17-8ac0-f7e6f7382aca,2023-09-25,691.59,18381.74,credit,0
1d532979-829f-4e1f-b11a-20ad53a4116b,2023-09-26,-190.07,15682.07,credit,0
ab26bae5-d723-457c-ae1c-0fb165fb8ee9,2023-09-26,3602.11,2345.67,credit,1
f35dc04d-8289-472f-84d5-b1c1b68938db,2023-09-27,1479.65,6388.62,credit,1
9b3c7347-61a3-4002-b980-1d9a34da4fd1,2023-09-27,-316.05,1101.37,debit,0
49a0318e-2302-4d29-b5d4-f74259fc55c3,2023-09-29,1352.13,4048.55,debit,1
242cb463-060a-4df9-9c0e-64e30816e25b,2023-10-01,3571.85,5219.55,credit,1
e5f5316b-0df2-4ff8-b322-fe2d3812897d,2023-10-01,4799.2,6136.33,debit,1
3c9fd707-1510-45d7-9b5f-fc9f3871a099,2023-10-03,3451.38,18075.84,credit,0
5c49d05a-7a35-4f72-9e8a-296cbd89d93d,2023-10-03,4957.37,5686.91,debit,0
8c24476f-ca63-4a59-9825-baac688c8166,2023-10-03,1405.32,16804.34,credit,0
8fd2c7ae-9a25-40e3-9807-63201068a168,2023-10-03,1439.41,10527.14,credit,0
e2523871-8a9d-405e-a53f-852ba842ad69,2023-10-03,2143.22,7234.38,credit,1
891ff945-95b5-4da2-ac09-5d494ca0a22a,2023-10-04,4820.81,15104.74,credit,0
2fd774cd-397c-41a1-9780-475136240dd5,2023-10-04,1943.63,18145.88,credit,1
9b899800-ba2c-4383-8c42-c23f5966d101,2023-10-05,3027.08,15775.55,debit,0
975fd6b7-33e5-483c-949b-2111cbd241b6,2023-10-05,-138.85,1827.16,credit,1
6a791494-050f-46b5-a298-5ba708de65a1,2023-10-07,4537.61,6247.63,debit,0
8bf5e903-380e-468d-b424-2016e9c1228a,2023-10-08,3480.93,10952.23,credit,0
ac8797a6-0ded-4c7e-a063-1055ebf538f8,2023-10-08,2066.96,9646.48,debit,0
f17bb91c-0725-421a-852e-29b55f137cc4,2023-10-09,3054.08,15933.06,debit,1
ead611b2-8245-4f77-87a2-f23fb3554306,2023-10-09,3380.01,1941.65,credit,0
ce2fb75f-d7d9-4e6b-bda8-37dbf630cac6,2023-10-10,1355.3,10637.88,credit,0
e9aaa76b-68b9-41e4-9f90-fa0cd8775230,2023-10-11,2304.86,7131.01,debit,0
22cb69dd-8de3-4617-a16d-ce320f1354d0,2023-10-11,1992.31,4948.94,debit,1
d5718808-a6fb-4664-9e5f-80be04e086e8,2023-10-11,4119.95,2059.47,debit,1
ce5db6ee-9bb6-4309-9caa-8bfb0faa8bde,2023-10-11,3825.24,5220.69,credit,0
f7572b89-ce5e-405d-a72e-ab8a3b3c7730,2023-10-13,3382.94,12486.18,debit,0
2116b323-f99e-4726-88d9-2164b509ce66,2023-10-14,1586.01,16667.52,debit,0
505d8256-6544-4b09-b563-ec665ab5306a,2023-10-15,2773.81,1927.7,debit,1
de9d66f7-d824-4cae-9ace-0c9027473f86,2023-10-16,3668.88,19769.17,credit,0
7d59a406-a44b-470f-9599-ee6b5d4f1803,2023-10-16,3468.21,161.85,debit,1
d911af21-f682-466c-a17e-07e3cb117974,2023-10-17,1349.8,6345.16,debit,1
8e8b07da-cfc5-4677-8fa4-19e3f78c7905,2023-10-17,4978.13,14840.32,credit,1
a904add9-2779-44bb-8145-d113028743b4,2023-10-17,-390.38,17627.57,credit,1
a5099feb-0602-46d1-9a08-8f6daa84ab50,2023-10-18,2773.31,19916.3,debit,1
48f1094c-aa2a-4ace-b143-79ba0cce7f02,2023-10-18,1946.46,16006.48,debit,1
0b65be7e-c3b5-4c01-b43a-1c75c393c034,2023-10-20,3060.69,7830.55,credit,1
7692681e-304d-44de-89eb-50838e2d3621,2023-10-20,964.74,16545.7,credit,1
ba619b45-13ec-4980-aea7-3fa7450940a0,2023-10-21,2058.51,13329.85,credit,1
3cac92ae-1d57-4ca2-9ded-a3b63e59bdc3,2023-10-22,2283.02,3656.22,debit,1
5b918079-6e21-48cb-b589-309f79def65b,2023-10-22,1659.87,17484.48,credit,1
94a618a3-8366-4d5c-bad2-5b3e831173a6,2023-10-23,-477.13,18776.92,debit,0
1ca26ae3-2750-43f1-bb9a-44053fc89973,2023-10-23,-462.17,1928.78,credit,1
caf6a586-9205-4508-abfe-0d80f0d2e36b,2023-10-24,4111.81,19647.68,credit,0
26a9b0a4-1d25-4a76-bbb3-5a88f2fe80c7,2023-10-27,4317.93,8526.69,debit,0
e3abed8f-5574-4c09-bee8-7971ee84c590,2023-10-28,2647.91,2270.58,debit,0
9708d271-d25d-4d90-8e5b-6517ef7ea002,2023-10-29,4262.64,10551.5,debit,0
cfc872d2-1a05-4912-abee-716c2311bd27,2023-10-30,-227.95,157.24,debit,1
b11cabe6-02db-44e9-adf4-9eab2c8a7089,2023-10-31,4605.52,19656.21,credit,0
12602af2-d8bd-4823-b9d0-176cdf2d400f,2023-10-31,3337.42,708.9,debit,1
5a39b0c2-bbae-4e2e-84fb-3fc7d7dd641d,2023-10-31,1425.07,12422.84,debit,1
a95b85ea-8ffe-4dc6-bb83-b77617b444b8,2023-11-01,3388.04,17798.98,credit,1
dffb027a-972d-4570-a3fe-faa7596f96fe,2023-11-03,3624.44,19064.76,credit,0
e2f29bea-2a86-485c-a3fa-5b41cf4214eb,2023-11-03,1338.71,15685.05,credit,0
18cf96d7-9cdb-48bb-82a1-68f136ed66f0,2023-11-03,1371.46,1327.84,credit,0
44bf9731-1d9a-41cb-808d-a1325d5eec2a,2023-11-03,1362.8,10164.2,debit,0
1f16e572-e7db-4ab2-b689-ef3a1b87b901,2023-11-03,1802.74,18285.28,debit,0
0b1d222a-21a2-41c9-bd9f-74f753dd14b5,2023-11-03,898.91,15780.8,credit,1
da5bc86f-b581-41c6-a49b-f2dbd25615d6,2023-11-05,1325.84,8912.32,debit,0
55738ad8-dde7-44b5-9b58-c94ca08e5eeb,2023-11-09,201.82,19555.43,debit,1
86caf135-e662-4f85-84ab-8eb5be0f8b13,2023-11-09,3694.03,17672.73,credit,0
682d1927-2f84-4ccb-82ba-226bb9ca0c96,2023-11-11,-483.15,7561.76,credit,1
b669ea00-3571-412f-9ee0-67aacbd2df77,2023-11-12,249.62,14181.33,credit,0
32c07dc0-da1b-4053-91b0-0eb15d80d567,2023-11-15,2738.75,18253.2,debit,0
bb633343-008d-4bfa-9e93-cabbd77a8a64,2023-11-16,3701.5,13179.66,debit,1
ad1e4bf1-7e85-48de-8232-8dd4aba2a187,2023-11-16,4057.06,8042.25,debit,1
4761a9fc-fcc2-4090-a698-d631b7a9f091,2023-11-17,2436.99,12441.62,debit,0
7b876d3c-a23d-4eaf-a346-0a25d0e610ea,2023-11-17,3747.69,868.2,debit,0
fe06320c-aa24-4547-a67e-15142dba5066,2023-11-17,2564.26,9156.95,credit,1
e6c4275b-d1dc-44a5-8757-c4f4c647b61b,2023-11-17,4846.52,10293.66,debit,0
606fa62a-126b-4f38-9207-3a839aab1d3a,2023-11-17,2014.57,2443.67,credit,0
21ee95da-2178-43cd-af99-c7bbcacb1d19,2023-11-18,2128.01,6466.42,credit,0
5a8edb14-13ea-42e1-b67b-3c178c5d9dc5,2023-11-20,195.68,1873.59,debit,0
557c3931-7125-4547-89da-dc0138709c54,2023-11-20,2899.19,7641.43,debit,0
fa2ba0e5-7da6-45e1-a13f-57b58612729f,2023-11-20,2598.36,6380.94,credit,1
f224be5f-ba33-449a-a01b-faa01dc726b4,2023-11-20,1959.23,5973.57,debit,1
061aff32-a506-4a44-a568-68f452d4340a,2023-11-21,4572.89,4935.14,debit,0
8a5e53c2-94ad-4d70-851a-d0b61464cb7f,2023-11-22,3374.98,6177.62,debit,1
27e150e9-6bef-4c6d-b9a6-0d37b593820f,2023-11-23,2200.25,17175.66,debit,1
b090c6d6-6dc2-47bb-a274-0b81e2c86427,2023-11-23,2848.61,7803.13,debit,0
1200c6e3-e8f9-430f-a4e6-88b61aea9834,2023-11-24,1999.37,1661.62,credit,0
37b49b2c-d1e9-4fd3-874b-bd71069b6581,2023-11-26,-126.56,17952.51,credit,1
a7914284-df4c-403a-b664-924b6833c961,2023-11-27,2367.07,10032.3,debit,0
ced89003-9948-4731-84e8-83c3c26435d5,2023-11-27,1852.98,12633.8,debit,1
db31ab20-48ab-4153-a058-1a5e3ecb329f,2023-11-27,41.68,4501.52,credit,0
fec9362f-e2e0-4e74-8f11-1250e12d90de,2023-11-28,969.65,8414.76,credit,0
08d9e56e-1aa9-4b41-8928-536b6b013e7d,2023-11-28,4970.09,15461.95,debit,1
206a13ef-2bf5-4b25-ad4b-8598fced2d54,2023-11-29,4440.42,19300.88,credit,0
f79ff2ba-5bc7-48d0-90fa-e61520d7af1f,2023-11-29,4510.98,17593.31,credit,1
b2370067-315c-4c33-9984-948457de2874,2023-11-29,1943.3,19480.84,debit,1
664b7c81-659b-47fa-9953-c522ae580569,2023-11-30,-485.33,2251.77,credit,0
aee97ba3-8408-486f-ba2b-03d42ceaf9aa,2023-12-01,2565.71,15949.8,debit,1
054e4ae4-bbd0-4b3e-a56b-ad1c94396772,2023-12-02,4801.1,18966.95,debit,0
3ebfe9e0-ad9f-44c1-bb1b-cfc8c928da3e,2023-12-02,4081.24,3725.95,debit,1
bdf086c4-8d0e-40f4-bf3d-b2bc32c8f645,2023-12-03,2782.31,13137.23,credit,1
bd5156e7-c02a-4a41-bb55-0d6f02b51eb9,2023-12-03,270.55,18618.28,credit,1
10b9e9d8-7494-4641-8660-71216b3f652e,2023-12-06,3756.46,17046.7,debit,0
dc2f7695-a266-4821-bf6d-933f025ad86c,2023-12-07,2278.83,17052.47,credit,1
3629013d-f74d-4bbd-9e3e-3cd0deff7513,2023-12-08,2148.33,3503.67,credit,1
b64b43f1-babb-4acf-afdd-3bfee6a19e10,2023-12-08,1443.88,17250.13,debit,0
cbd8def8-e99f-4d39-8ecc-9e3e06e447c6,2023-12-09,2893.39,3785.48,credit,1
9c5903c4-6194-48f5-adda-182b47612ffa,2023-12-09,2511.04,9375.74,credit,0
7394e1e7-998e-4156-9ed6-fa53fec5e0c5,2023-12-09,1163.99,6227.69,debit,0
7bbe44f7-f93f-4f75-9256-47a571e40a73,2023-12-09,-193.1,9915.65,credit,1
99e9dd61-62ac-4e7f-a694-9e67d8d425e8,2023-12-10,1500.35,14499.11,debit,1
72f32be6-93ee-4699-8473-428a1d998afa,2023-12-10,2748.8,15392.61,debit,0
799cce78-0ff2-4fcd-addf-89e8a510b2f2,2023-12-10,3362.37,16205.47,debit,1
54bb147e-8afa-4c90-ad02-6908d1443728,2023-12-11,-358.46,10620.26,debit,1
5fdea77a-4580-429f-a185-ce16e4d19a01,2023-12-12,497.85,6419.03,debit,1
7ce22510-6876-4439-925b-8fd022ad1806,2023-12-14,4959.6,1007.73,debit,1
98f2dba0-08be-4829-ae54-2021231784d3,2023-12-14,740.53,9127.4,credit,1
b5224f21-958c-4503-b342-065101e678f4,2023-12-15,3902.92,4916.25,credit,1
c829ea3b-c5fc-45ca-b9e7-58ee9821ea0f,2023-12-15,2767.24,15284.2,credit,1
5d5b578a-08d1-4a0f-be88-89b39049bb2a,2023-12-15,2849.52,4966.23,credit,0
32118c5c-396d-40d8-b1e1-4b521d8fca4f,2023-12-16,1442.45,9735.01,debit,1
dc26826e-1e7d-4780-a582-1dd332117d1d,2023-12-17,-161.3,13729.89,credit,0
5e3e32b1-0bfe-4e97-b7e1-7046cf90b9cd,2023-12-18,1543.58,3483.82,debit,1
c07f6772-90e9-4aa2-9f90-27e4c68a883d,2023-12-20,1130.96,15620.54,debit,1
5376325c-ac6a-4404-b48b-2896c4e421f1,2023-12-21,710.0,18927.26,debit,1
09f37091-ba46-4125-9c3f-5954e7569f9c,2023-12-21,1920.28,8202.26,credit,0
dbb23d95-3ce6-4c75-ae81-3d78fee0b6c7,2023-12-22,3942.83,3675.01,credit,0
aa239bae-f674-4565-b435-d8ce6abf7456,2023-12-22,31.97,12307.26,credit,0
28c661a3-4e0e-43b4-9a35-f2cde6fb4004,2023-12-23,881.32,12201.27,debit,0
15e05dc9-e720-41e2-b440-ba753c3e3200,2023-12-23,3976.46,14518.1,debit,0
1c4a95c5-735d-409e-a5d4-4d05cc434092,2023-12-24,2470.06,238.06,debit,0
f05c0520-07a4-4e66-8927-6d38c1fe72ce,2023-12-24,2068.38,976.65,credit,1
dd2be236-8dcb-4005-8aea-aff80a51b9d3,2023-12-24,-87.72,14787.64,credit,0
f07d43d4-0cdf-4293-834e-9d47caa682fd,2023-12-24,4070.15,10970.53,credit,1
8219967b-557d-4cab-a4cf-eef92f4d4b10,2023-12-25,-429.46,6939.72,debit,1
c7abc172-f14f-4811-aad9-affc6ed93c7a,2023-12-25,593.98,15273.19,credit,1
0a91636c-ad46-4a3a-8e7c-01dc3f0521ab,2023-12-25,2789.35,9001.56,debit,1
091b5de3-1fe2-4ca2-aa28-a839f750f35f,2023-12-26,1746.46,15015.67,debit,1
ebc01114-9c33-48e8-bfcc-e4a33020f6ec,2023-12-26,-243.24,17275.08,debit,0
8a62a023-83f1-43fd-a5b0-48a5a9dfc4fd,2023-12-28,2598.76,11901.4,credit,0
6987f6fd-c4b0-4eb9-afc2-6d81cfc35b6e,2023-12-28,-18.03,10136.36,credit,1
c7393e54-eb5e-4470-a615-9ae244a06963,2023-12-29,-367.33,11413.14,credit,0
20901cff-502b-4c03-8172-f1df7b74f5bb,2023-12-31,2638.75,11219.74,debit,0
741d5125-804f-4a6a-a65d-09ad96fe7035,2023-12-31,-72.74,9899.3,debit,1
78f76083-9a2d-4dbd-aed0-407b02007606,2024-01-01,1715.39,10723.61,credit,0
0ee3e609-3104-4e8b-a6dc-0b194e7a4523,2024-01-01,3281.23,16752.97,debit,1
f5c8b008-7765-4450-a2f0-a0d965f96a8b,2024-01-01,2507.91,17377.29,debit,0
5fc6299f-78f2-47d6-a40a-424ecf18e2c0,2024-01-02,4483.61,12876.17,debit,0
5a2e323b-f336-4db5-9583-3eaef296f042,2024-01-02,4463.39,11151.11,credit,0
aa57496e-44f0-4326-8065-65313c0434c0,2024-01-02,2039.53,3198.52,credit,0
9c7ad917-73b3-46eb-ad90-762da9913c81,2024-01-03,3646.85,638.62,credit,1
bbfd6d14-135c-47c3-8ab1-7b5b7ca04e74,2024-01-03,1729.41,1735.1,credit,0
c7361104-0496-48ec-96de-61be63cedd14,2024-01-03,1138.01,9209.49,debit,1
3e433499-e1c6-4703-a00d-84b2103cca77,2024-01-04,1652.96,19796.34,debit,1
58714372-4fe7-4188-aa59-e29e52b2fb55,2024-01-04,2392.09,1103.62,debit,0
1319b441-cbb2-472d-8794-c83ef3de3be7,2024-01-05,4351.55,1093.29,debit,1
012bd6a3-d39b-45a0-a48a-4d0560216d8c,2024-01-05,4740.11,16979.17,debit,1
48126ff1-cf42-40c8-a61f-ca178337fac4,2024-01-07,4682.31,17475.33,credit,1
53e9e437-fca7-466e-9eed-c345f2011e84,2024-01-08,1949.66,12893.85,credit,0
9d41dfd7-3047-4dc6-94f7-24ad9f2f18da,2024-01-10,3512.03,5462.4,debit,0
bac807ed-6e70-474d-8b8a-c541871867fe,2024-01-10,3558.59,7557.83,debit,0
8b2466e2-1658-4263-a409-5b5df3df56c0,2024-01-12,2097.24,9139.76,debit,0
75602d52-4dd1-47a5-96e7-b8b4ffe0b823,2024-01-12,1470.27,17623.49,credit,0
a4afc108-42af-46de-98a4-96cc24fdb669,2024-01-12,852.24,6889.32,credit,0
9d2a8fd3-c912-4db2-8f20-956471b35364,2024-01-13,245.94,8298.3,debit,1
322e8832-ecf5-4507-9ac7-b79314478cf9,2024-01-15,2858.06,17513.34,credit,0
76cd6a4f-a019-4586-beed-86d36bc67f97,2024-01-15,-88.79,10345.34,debit,0
063e143c-4d77-4b43-a49d-be2ea5828bbf,2024-01-16,1303.67,1648.69,debit,0
6a422788-153d-473f-8998-bbd3b527b492,2024-01-17,1447.01,13532.25,debit,0
0d07519c-dd76-4717-a583-7bb2f739d436,2024-01-18,3191.91,248.12,credit,0
3d4b797a-e1a4-447e-97a4-ce6190c13605,2024-01-19,2543.34,15164.87,credit,0
db801fac-d0ae-462e-8912-b90d428647c7,2024-01-20,689.71,2780.08,debit,0
f6d9e7f5-8928-41b3-95ed-ae15e0f96e80,2024-01-21,4760.21,13907.67,credit,1
9cee24d2-63d6-4b83-ae7c-25d240ffb820,2024-01-21,1062.25,4402.99,credit,0
d724342b-0e35-46d8-bb0d-af057c7a7756,2024-01-22,2009.83,19510.65,debit,1
b05677d4-dfed-4b4e-af1a-156214171492,2024-01-23,-136.92,1336.37,debit,0
1da3cf97-fd39-4231-91aa-deb46de6987a,2024-01-23,603.12,15543.16,credit,1
46d3c8d9-7af7-440c-9ab2-7737e99b587a,2024-01-24,1273.63,4552.77,credit,1
05f7cf84-1283-4500-8770-7aa3f0317bb1,2024-01-24,4066.56,4037.05,credit,1
9f0273b2-8701-4b40-a657-6218015965da,2024-01-24,1131.84,17001.84,debit,1
c8f2ea4f-8131-4bfe-a496-9a9caba37bda,2024-01-25,1747.05,19838.86,debit,1
66d2121f-c212-41d1-baca-2b1b0c2c5f18,2024-01-25,440.6,9478.08,credit,0
89e24996-deb2-47d3-8e9f-0aeca9131658,2024-01-25,1990.55,13371.5,credit,0
0b78b97b-376f-47de-87ac-2ec5d14dd78a,2024-01-27,-284.06,4239.6,credit,1
93c0b137-a77a-4582-8c44-302c05c7c69c,2024-01-27,4403.78,4773.13,debit,0
2c3f0545-1207-45ca-985f-53793d671dac,2024-01-28,2285.01,12325.09,credit,0
c7354698-5dce-472f-abee-1652179f7144,2024-01-28,278.26,1478.65,credit,0
88883cfa-ae92-4c50-8338-e2e5829465db,2024-01-28,4970.9,19716.51,credit,0
dd708c96-cb78-430d-a458-bab3dc864f2e,2024-01-28,4798.58,8695.02,credit,1
01996754-21d1-4184-9b41-324c71bb838d,2024-01-28,3426.2,13522.34,debit,1
bbb1b14f-2cfc-4161-a8d0-6fdf45e5080d,2024-01-28,3324.54,11658.42,credit,1
65030570-d5e3-4ff5-a592-6d139bc4a07c,2024-01-29,1839.09,17195.68,credit,1
ff54f000-86c1-4178-88ed-286e7cef3e8b,2024-01-29,1915.48,2541.53,credit,0
ce18befe-8454-474f-af97-ec92bc83e19e,2024-01-30,1342.0,9762.07,credit,1
841ee217-49ec-4044-a45c-eb3081a32769,2024-01-30,4644.67,10283.38,debit,0
e7b52702-3cfd-4094-a1cc-d13730ee1467,2024-01-30,4478.72,10307.96,credit,1
86d32fda-964f-44cc-8bbb-a0bb66e3eaf2,2024-01-30,4763.95,5610.07,debit,1
50399cd8-dddd-4252-b954-b356d39833b3,2024-01-31,2126.82,18358.45,credit,0
bb738752-7f7c-444e-95ac-1588aed5d4f0,2024-01-31,2115.75,14018.4,credit,1
e80d6e87-907d-4196-8a4a-61508549bbfc,2024-02-01,4225.87,11487.25,credit,0
16f002aa-d966-4e6a-bbcb-69de940d4e27,2024-02-01,428.59,9919.33,credit,0
b66712c9-a39d-4578-9e97-0bd5ec5729dc,2024-02-04,4021.6,13874.51,debit,1
c2302342-42fd-403d-ae6d-0ef227c1c937,2024-02-04,4239.05,17637.8,debit,0
77d0ed2a-4624-4eaf-b206-2367f480b85e,2024-02-04,2153.03,5203.41,credit,1
2141c20d-32a6-414d-a4f6-9e5d760ca18c,2024-02-05,-346.77,419.66,credit,0
10eb429b-29cc-4024-810b-ca0b8eb778ef,2024-02-05,4270.51,16733.85,credit,1
5659e49e-796b-4efd-9cc1-ebb3f6000400,2024-02-06,256.32,12556.51,debit,1
184930cf-7f47-4db5-99e0-1d9243859062,2024-02-07,150.24,12866.31,debit,1
b4162547-dc58-4cf8-ae46-bac42383f20b,2024-02-07,4885.18,19638.94,debit,1
45ef1874-70c5-4451-94f1-417d03e505e6,2024-02-07,1782.01,8122.91,debit,1
6ad2e640-4ef5-4c71-a8d4-d89117a4cc5e,2024-02-10,340.45,6893.73,credit,0
ab9c7702-49c2-480c-8ea4-1446048e795b,2024-02-10,1150.47,9813.7,credit,0
1b5e3eb5-8cd9-4dfe-a999-276f2b0cee6c,2024-02-12,4747.87,7525.17,credit,0
10e95033-5a26-4020-bfbc-0cdcc5a38c6a,2024-02-12,3268.85,12231.24,credit,0
46284317-394a-4421-99bd-9733dc5a12c0,2024-02-14,3062.53,15615.59,credit,1
8e905b98-e034-47a8-b9d7-c202df9c6eac,2024-02-14,3340.09,8211.01,credit,1
afd8476d-89af-4066-8c94-8e392abfb8c8,2024-02-14,-322.68,12415.93,credit,1
1a5e0457-7f96-498c-888c-c5708a5c783c,2024-02-14,4421.99,826.8,debit,1
cec1d518-3771-4d0b-aca5-865d4eb65710,2024-02-14,1997.77,8351.07,credit,0
23b78ebe-3502-478f-8260-76ee1c8d0ad3,2024-02-14,4870.69,14486.55,credit,0
ba0074d5-3a2b-4314-94bb-11ed53c61ea2,2024-02-15,3317.1,9391.42,debit,1
8f4f9b7d-10d9-4bcf-9136-87bad1e05079,2024-02-21,2560.64,16313.87,debit,1
51da5a30-3551-4d4f-9953-0bd7c762cbf6,2024-02-22,415.68,4434.1,credit,1
b1cd8885-237a-48f9-bccb-6a37baa7605a,2024-02-22,2683.16,544.11,credit,1
5c3ef35e-bcf3-44a9-9a0c-cbb42ae58dc7,2024-02-22,4355.06,17439.89,credit,1
61b710d0-c20d-4950-9ed3-c3062f1e3406,2024-02-22,4164.75,15528.0,debit,0
69fb2b2f-9c12-4e35-ab26-c324db63d74a,2024-02-24,816.27,10472.43,debit,1
c07ff09b-47e1-4db6-a2ea-56010c0b24d0,2024-02-24,3969.64,17079.89,debit,1
20afa68e-7d6d-402b-bc50-bbb1a599c461,2024-02-24,434.42,13721.81,credit,1
9e2b4e1a-f265-470c-b1eb-a05f5f73f489,2024-02-24,363.7,8889.44,credit,0
ca56aaf7-0730-4df9-86de-63051d7d9c5b,2024-02-25,-285.18,16195.28,debit,0
f86b7958-8f9b-47a8-a60f-26bfe845693e,2024-02-27,3485.13,9900.32,debit,1
93cdc7bd-c8b0-4000-a80e-5ad725445dc3,2024-02-27,3054.29,1275.64,debit,0
371fa8e2-fb31-486a-b23e-643c65d8a48b,2024-02-28,1141.85,19627.5,debit,1
f6cd7479-4f8a-4c66-9bde-7d95d1df4f8d,2024-02-28,4572.15,5159.2,credit,0
d8b7953d-5113-490c-99d9-8f5ceaf75527,2024-03-01,4227.0,6823.2,credit,0
53370c05-54e0-4bcd-a4e9-2fdbc63c8ca0,2024-03-03,3787.91,11913.04,debit,0
52c72e13-7562-4e5d-91ec-ffa51e4ff600,2024-03-04,2284.48,2498.17,credit,1
deef31af-40cd-465e-9152-800f63d5228a,2024-03-05,-396.43,13742.45,credit,1
791ebef8-b344-4a13-84eb-c290e820bd3d,2024-03-07,-383.12,8831.34,credit,0
d135e4e4-4714-4a8c-a0d8-694953d19c88,2024-03-09,2625.36,18871.3,debit,1
05f75175-78ce-4780-a66d-b6f62cc548a2,2024-03-10,3917.45,4902.07,credit,0
cdf4c92d-bcff-4528-ae9d-8cbf4ac37fd6,2024-03-10,-362.49,6094.45,credit,1
e215b358-9bf9-40da-aa2b-8fd8866d0b22,2024-03-11,2682.42,14574.98,credit,1
9ca3e6f3-8ab7-4a00-a671-66d82f143fe5,2024-03-11,3526.52,7567.37,debit,1
812c41f9-cbc2-4179-8d67-e5c8fd4574a1,2024-03-12,136.11,587.63,credit,1
315ded0a-d4ac-47d7-9359-7f4fa1733c42,2024-03-13,3414.04,4775.77,debit,0
7dce74b7-037a-424e-8988-6cede83c07cf,2024-03-14,2922.83,4506.3,credit,0
c4679eb3-b616-4b8a-b002-2b0113bb644d,2024-03-15,3077.89,18112.45,debit,1
087f55e7-c577-41c5-8a54-a86a699fdd10,2024-03-15,542.69,5026.08,debit,0
ec6d1091-aaee-40f9-9ff1-e4b43f9e7011,2024-03-16,1103.99,9613.48,debit,1
5fda58ea-1f2b-42cb-9996-59225f706dd6,2024-03-17,2114.86,16007.67,debit,0
4dcfaf2c-b52d-4930-8840-d3f3eee5f645,2024-03-17,3649.19,2491.96,debit,0
87422b4a-7467-4715-9343-8b8db67757b1,2024-03-17,448.09,14153.13,debit,1
cfc94d5b-3a46-45ec-baa7-0935296cc368,2024-03-17,100.12,18605.13,credit,0
10640b95-4aab-44d0-8166-32fc44494f7f,2024-03-17,3433.0,4171.0,debit,1
040fa361-c093-46d9-a0f2-cd812af7866d,2024-03-18,347.6,3177.97,debit,1
2c443385-d620-430c-9fcb-031d223c4ff1,2024-03-19,510.74,13438.85,debit,0
1d930da3-0e50-433b-b6cc-5135ee6a5b59,2024-03-20,3795.38,8134.75,debit,0
1ec1c83a-23b4-4ca0-9b1d-fa657677200d,2024-03-21,1433.76,6616.46,debit,0
30e9d610-ecf8-40ff-83b0-25f45645ab52,2024-03-21,4930.61,15598.81,credit,1
bc8e75c8-4b0c-4e47-945b-787b5dd7e0ac,2024-03-21,2995.55,10715.41,credit,1
fc915eb9-0407-4646-9623-b2ff4d56b9ce,2024-03-21,2247.1,19687.66,credit,0
a6412df1-c5e3-4228-8076-04e7d15ece57,2024-03-23,4756.34,12793.45,credit,1
93cc1c80-bb86-4161-ac03-f77fd2ec530c,2024-03-23,1633.02,246.05,credit,1
42532623-54e4-4ba7-96d2-c87feac9f399,2024-03-24,1830.58,3649.41,debit,0
f0881adc-4e0d-4c2f-be8c-e6901bc5f37d,2024-03-25,1596.01,15211.37,credit,0
1bec9ff0-c531-44e4-8119-1c1a6aaf8119,2024-03-26,565.06,17991.14,credit,0
0738f75c-50c1-4d60-b456-69ba64292b9a,2024-03-26,1186.25,9246.22,debit,0
4b86ac5f-c694-43a3-9d97-25c4450ae181,2024-03-27,3861.73,4870.61,credit,1
cd3fbf6f-2dfb-40f4-8285-5f1ef7d4d114,2024-03-28,3872.33,10270.95,debit,0
aefeab9e-b15b-4108-83ef-262a65ccb652,2024-03-28,-233.85,9758.51,debit,0
beeb7643-860d-4083-a68e-3c17b13a468a,2024-03-31,1442.94,12095.6,debit,1
1ae40320-8b66-4816-a79a-6f06aae2d649,2024-03-31,4153.72,13580.69,credit,1
9cd3bf23-5731-45d6-b89d-40a371480cd9,2024-04-02,4497.68,11404.52,debit,1
a2a672e8-e338-4790-a6f9-2b5e402199ce,2024-04-02,275.09,9323.92,credit,0
a319dfe6-074d-4f1d-ad04-884306a6a2e1,2024-04-02,-197.44,4172.16,debit,1
2cb334ea-f730-47cc-920b-7a770a1d7bcc,2024-04-02,4245.36,19731.06,credit,0
90a48f10-54ae-4ff7-9c41-144960668fc2,2024-04-03,2461.9,6909.17,debit,1
64889d1d-312c-469f-9525-be4638ba791f,2024-04-04,378.99,6315.88,credit,0
74f59cc2-5a3d-4933-9050-4cb0376b5f51,2024-04-04,1809.68,13873.35,credit,0
d9f43afe-38d9-450c-825e-fdb0b800c715,2024-04-05,4662.14,10599.42,debit,1
7ba0789d-0c16-410f-8e3c-f0e3f8ca60d7,2024-04-05,1686.38,14831.94,credit,0
0abd5fd4-d38c-48d9-8afc-b9b39624e00a,2024-04-06,1441.5,18039.52,debit,0
d5595df4-d8ec-40cd-abc2-589bcfd25e56,2024-04-06,780.1,11699.39,credit,0
5f755d33-1f8f-40c2-8619-ee38dec46d52,2024-04-06,2998.76,8785.46,debit,1
478b0f3c-2d1b-49b7-afb2-6682f84677c2,2024-04-07,2684.47,6188.21,credit,1
25c48b9c-aab9-4688-9bd8-2e65ed232672,2024-04-08,3619.56,16.64,credit,1
ee7e5eae-2acc-49eb-a6d2-f3dfd7a82d43,2024-04-08,443.59,13458.82,debit,0
e205c895-89eb-47b8-bc57-7aace8cf23f0,2024-04-09,2286.92,1025.84,debit,0
2dbec0f0-c436-475b-b356-2dfaf8f1f5d8,2024-04-10,3568.81,9033.94,debit,0
3f4452de-767d-466e-afaf-a977d96d1ac6,2024-04-10,4519.53,17770.73,debit,1
30ff5071-8a7f-421d-9d59-2441d4b58817,2024-04-10,-405.12,14640.47,credit,0
16f4467b-e820-4c63-a28e-902d6481b58f,2024-04-11,2487.98,1107.18,credit,0
d400d760-abc5-4625-ac11-49f1c7c01aed,2024-04-13,532.06,18110.19,debit,1
286fc006-cdaa-4962-be6d-160b2367a82c,2024-04-14,2511.1,6995.02,debit,1
c22e2b7a-4115-450b-b760-ca93087af5f6,2024-04-14,1292.82,8056.15,debit,1
cd7c1f95-248f-4f3c-936e-d7d9e69abcdc,2024-04-15,2308.41,8320.06,credit,1
6ae05d72-fad7-4e0f-90e9-4317b5144a1c,2024-04-15,1831.89,1339.06,debit,1
49af2891-aaea-4ec6-b927-404367fc702d,2024-04-16,-463.54,9483.1,debit,1
61a36530-4ba6-4682-91f8-2790515c106a,2024-04-19,-473.69,7588.24,debit,1
5ddc4d49-db88-46d0-8892-208d0250000c,2024-04-20,1354.13,16800.16,credit,1
77159e77-ea13-401f-9406-3417b7558251,2024-04-21,1955.9,616.9,credit,0
6f8e36ed-7cc1-47ae-9c75-1213dcf8bd71,2024-04-22,2723.62,8271.43,debit,1
8f1b8a9b-2e2a-4286-bbf9-c92d7bd3240d,2024-04-24,2071.78,17168.75,debit,1
8807b9ed-59d6-4aea-9cfa-fadbb4fe333f,2024-04-24,4427.74,13115.21,credit,0
bb4b68b7-50fd-4d48-9b89-bc607fa86349,2024-04-24,2516.03,6849.52,debit,1
a489a933-6367-469b-af73-1f332e5e4964,2024-04-25,1452.37,14827.07,credit,1
e52a480b-ba5f-406c-86d3-11595b9c1295,2024-04-26,3306.79,4750.5,credit,0
097b88ca-68fb-4859-9bbb-fc0d8a372293,2024-04-26,4166.37,3155.02,debit,1
ce54466a-d1c5-4de7-8400-6d864dd424d8,2024-04-26,4182.12,12580.27,credit,1
03838283-26a5-4c83-990e-14654d759555,2024-04-27,-354.51,6814.7,credit,0
f254c9a3-80fc-42c7-ad14-f0d02082cc36,2024-04-27,960.0,16388.31,credit,1
6678dc16-7ed9-4c5c-9cfe-f33a13173c87,2024-04-27,4895.13,8822.78,debit,0
5dde7c78-c3bb-4abf-9fda-ea8d9de5b2d7,2024-04-28,1126.68,17914.33,credit,1
4e9969a7-7e94-4c25-8ce3-c8b42af61ea2,2024-04-29,1988.26,18290.95,debit,0
bbeacb4e-afa8-4d5c-96d5-fdd209321785,2024-04-30,2162.27,5251.0,credit,0
05209134-4f31-4f8f-a7f5-729e3927023c,2024-05-01,3202.04,6634.97,debit,1
72cfbed2-807a-4bd6-be4c-ced4eb997513,2024-05-02,108.21,13553.9,debit,0
87c210ee-f846-4b7f-9433-9dcb5a39a754,2024-05-02,2857.15,16279.25,credit,1
f5046ade-d52e-4df2-b379-6e8c278958ca,2024-05-02,419.18,14613.73,credit,1
87b8dd90-98ed-4500-8d29-6fb892ecc7f3,2024-05-04,2344.7,851.83,debit,0
7c8e420b-94a8-438c-b976-6682cb1d26d6,2024-05-07,4154.26,14375.3,debit,0
56e10482-9b27-41ae-ab95-735e7391b830,2024-05-08,303.3,1552.43,credit,1
1ca25a55-bd71-4727-966d-2961772cc3e2,2024-05-08,343.05,3990.69,credit,0
4b7762e4-148d-4c08-9e3f-b169891b4608,2024-05-09,2895.81,19416.37,debit,1
396ff680-25ff-40c4-a09b-312cc5691ee3,2024-05-09,4476.38,5434.23,credit,1
cd58214a-659b-4016-b541-4703a9daa6df,2024-05-11,4064.21,17983.37,credit,1
bf874b9c-8f66-4520-b523-0551ca1c7bb1,2024-05-12,4567.83,10477.47,credit,1
ed01e442-496e-4f17-af8d-6086926749c4,2024-05-12,1373.85,10746.01,debit,1
2500a37a-3600-4105-a2d1-4fd09c205cdd,2024-05-12,2131.04,19910.2,credit,0
b1a5422a-9a89-4cfa-a68c-f48105c202b6,2024-05-13,3462.58,2496.72,debit,0
d1cb2f6e-8b97-48c4-a1c2-376231f750a9,2024-05-13,2688.61,9566.48,debit,1
5639417b-17e3-429b-9a5b-744746e99c24,2024-05-14,1825.99,10837.53,credit,0
e132794d-33a5-467d-9d0a-c16c634559fc,2024-05-16,1311.37,735.43,credit,1
c2d6528a-728a-41be-a61b-1e6821a4ac78,2024-05-16,224.8,647.4,credit,1
